{"profile": "tabular-data-package", "resources": [{"path": "data\\Rothmet.csv", "profile": "tabular-data-resource", "name": "Rothmet", "format": "csv", "mediatype": "text/csv", "encoding": "utf-8", "schema": {"fields": [{"name": "day", "type": "date", "format": "default", "description": "observation date"}, {"name": "tmax", "type": "number", "format": "default", "description": "daily maximum temperature in degrees celsius"}, {"name": "tmin", "type": "number", "format": "default", "description": "daily minimum temperature in degrees celsius"}, {"name": "rain", "type": "number", "format": "default", "description": "rainfall from original 5 inch guage, in mm"}, {"name": "sun hours", "type": "number", "format": "default", "description": "daily hours of sunshine"}, {"name": "windrun", "type": "number", "format": "default", "description": "Run of wind 0900 to 0900 GMT at 2m in km"}, {"name": "drybulb", "type": "number", "format": "default", "description": "dry bulb temperature in degrees celsius"}, {"name": "wetbulb", "type": "number", "format": "default", "description": "wet bulb temperature in degrees celsius"}, {"name": "rad", "type": "number", "format": "default", "description": "total daily solar radiation in J/cm2"}, {"name": "relh", "type": "number", "format": "default", "description": "Relative humidity at 0900 GMT derived from dry and wet bulb until 2013 in %"}, {"name": "grsmin", "type": "number", "format": "default", "description": "grass minimum temperature in degrees celsius"}, {"name": "g10t", "type": "number", "format": "default", "description": "soil temperature under grass at 10cm in degrees celsius"}, {"name": "g20t", "type": "number", "format": "default", "description": "soil temperature under grass at 20cm in degrees celsius"}, {"name": "s10t", "type": "number", "format": "default", "description": "soil temperature under bare soil at 10cm in degrees celsius"}, {"name": "s20t", "type": "number", "format": "default", "description": "soil temperature under bare soil at 20cm in degrees celsius"}], "missingValues": [""]}}], "description": "Daily weather data from the Rothamsted Met station, 1968 to 2018. Prepared for Agri-tech East Hackathon, Cambridge, 5-7 July 2019.", "version": "1.0", "licenses": [{"name": "CC-BY-4.0", "path": "https://creativecommons.org/licenses/by/4.0/", "title": "Creative Commons Attribution 4.0 International"}], "publishers": [{"name": "Rothamsted Research"}], "maintainers": [{"name": "Richard Ostler", "email": "richard.ostler@rothamsted.ac.uk"}], "sources": [{"name": "Rothamsted electronic archive (e-RA)", "web": "http://www.era.rothamsted.ac.uk/Met"}], "latitude": "51.806720", "longitude": "-0.360120", "altitude": "128", "startYear": "1968", "endYear": "2018"}