Strip,N rate,OtherNutrients,year2,variable,value,unit,note,wheat
3,N0,Nil,1843,soil organic carbon,1,%,,Continuous
3,N0,Nil,1865,soil organic carbon,0.94,%,,Continuous
3,N0,Nil,1881,soil organic carbon,0.93,%,,Continuous
3,N0,Nil,1893,soil organic carbon,0.78,%,,Continuous
3,N0,Nil,1914,soil organic carbon,0.84,%,,Continuous
3,N0,Nil,1936,soil organic carbon,0.91,%,,Continuous
3,N0,Nil,1944,soil organic carbon,0.96,%,,Continuous
3,N0,Nil,1966,soil organic carbon,0.85,%,1,Continuous
3,N0,Nil,1966,soil organic carbon,0.87,%,2,Continuous
3,N0,Nil,1987,soil organic carbon,0.9,%,3,Continuous
3,N0,Nil,1992,soil organic carbon,0.77,%,4,Continuous
3,N0,Nil,1997,soil organic carbon,0.75,%,4,Continuous
3,N0,Nil,2000,soil organic carbon,0.85,%,4,Continuous
3,N0,Nil,2005,soil organic carbon,0.83,%,4,Continuous
3,N0,Nil,2010,soil organic carbon,0.85,%,4,Continuous
5,N0,(P)KMg,1843,soil organic carbon,1,%,,Continuous
5,N0,(P)KMg,1865,soil organic carbon,0.98,%,,Continuous
5,N0,(P)KMg,1881,soil organic carbon,0.96,%,,Continuous
5,N0,(P)KMg,1893,soil organic carbon,0.89,%,,Continuous
5,N0,(P)KMg,1914,soil organic carbon,0.91,%,,Continuous
5,N0,(P)KMg,1936,soil organic carbon,0.91,%,,Continuous
5,N0,(P)KMg,1944,soil organic carbon,0.96,%,,Continuous
5,N0,(P)KMg,1966,soil organic carbon,0.92,%,1,Continuous
5,N0,(P)KMg,1966,soil organic carbon,0.94,%,2,Continuous
5,N0,(P)KMg,1987,soil organic carbon,0.91,%,3,Continuous
5,N0,(P)KMg,1992,soil organic carbon,0.94,%,4,Continuous
5,N0,(P)KMg,1997,soil organic carbon,0.82,%,4,Continuous
5,N0,(P)KMg,2000,soil organic carbon,0.91,%,4,Continuous
5,N0,(P)KMg,2005,soil organic carbon,0.88,%,4,Continuous
5,N0,(P)KMg,2010,soil organic carbon,0.9,%,4,Continuous
6,N1 ,(P)KMg,1843,soil organic carbon,1,%,,Continuous
6,N1 ,(P)KMg,1881,soil organic carbon,1.01,%,,Continuous
6,N1 ,(P)KMg,1893,soil organic carbon,0.94,%,,Continuous
6,N1 ,(P)KMg,1914,soil organic carbon,1.01,%,,Continuous
6,N1 ,(P)KMg,1936,soil organic carbon,ns,%,,Continuous
6,N1 ,(P)KMg,1944,soil organic carbon,1.07,%,,Continuous
6,N1 ,(P)KMg,1966,soil organic carbon,0.98,%,1,Continuous
6,N1 ,(P)KMg,1966,soil organic carbon,1.01,%,2,Continuous
6,N1 ,(P)KMg,1987,soil organic carbon,1.01,%,3,Continuous
6,N1 ,(P)KMg,1992,soil organic carbon,1.04,%,4,Continuous
6,N1 ,(P)KMg,1997,soil organic carbon,0.95,%,4,Continuous
6,N1 ,(P)KMg,2000,soil organic carbon,1.06,%,4,Continuous
6,N1 ,(P)KMg,2005,soil organic carbon,1,%,4,Continuous
6,N1 ,(P)KMg,2010,soil organic carbon,1.02,%,4,Continuous
7,N2 ,(P)KMg,1843,soil organic carbon,1,%,,Continuous
7,N2 ,(P)KMg,1865,soil organic carbon,1.06,%,,Continuous
7,N2 ,(P)KMg,1881,soil organic carbon,1.08,%,,Continuous
7,N2 ,(P)KMg,1893,soil organic carbon,1.05,%,,Continuous
7,N2 ,(P)KMg,1914,soil organic carbon,1.1,%,,Continuous
7,N2 ,(P)KMg,1936,soil organic carbon,1.06,%,,Continuous
7,N2 ,(P)KMg,1944,soil organic carbon,1.1,%,,Continuous
7,N2 ,(P)KMg,1966,soil organic carbon,1.02,%,1,Continuous
7,N2 ,(P)KMg,1966,soil organic carbon,1.08,%,2,Continuous
7,N2 ,(P)KMg,1987,soil organic carbon,1.11,%,3,Continuous
7,N2 ,(P)KMg,1992,soil organic carbon,1.07,%,4,Continuous
7,N2 ,(P)KMg,1997,soil organic carbon,1.02,%,4,Continuous
7,N2 ,(P)KMg,2000,soil organic carbon,1.11,%,4,Continuous
7,N2 ,(P)KMg,2005,soil organic carbon,1.06,%,4,Continuous
7,N2 ,(P)KMg,2010,soil organic carbon,1.05,%,4,Continuous
8,N3 ,(P)KMg,1843,soil organic carbon,1,%,,Continuous
8,N3 ,(P)KMg,1881,soil organic carbon,1.19,%,,Continuous
8,N3 ,(P)KMg,1893,soil organic carbon,1.07,%,,Continuous
8,N3 ,(P)KMg,1914,soil organic carbon,1.14,%,,Continuous
8,N3 ,(P)KMg,1936,soil organic carbon,ns,%,,Continuous
8,N3 ,(P)KMg,1944,soil organic carbon,1.14,%,,Continuous
8,N3 ,(P)KMg,1966,soil organic carbon,1.04,%,1,Continuous
8,N3 ,(P)KMg,1966,soil organic carbon,1.08,%,2,Continuous
8,N3 ,(P)KMg,1987,soil organic carbon,1.12,%,3,Continuous
8,N3 ,(P)KMg,1992,soil organic carbon,1.07,%,4,Continuous
8,N3 ,(P)KMg,1997,soil organic carbon,1.03,%,4,Continuous
8,N3 ,(P)KMg,2000,soil organic carbon,1.15,%,4,Continuous
8,N3 ,(P)KMg,2005,soil organic carbon,1.05,%,4,Continuous
8,N3 ,(P)KMg,2010,soil organic carbon,1.04,%,4,Continuous
9,N4 ,(P)KMg,1843,soil organic carbon,1,%,,Continuous
9,N4 ,(P)KMg,1881,soil organic carbon,1.08,%,,Continuous
9,N4 ,(P)KMg,1893,soil organic carbon,1.04,%,,Continuous
9,N4 ,(P)KMg,1914,soil organic carbon,1,%,,Continuous
9,N4 ,(P)KMg,1944,soil organic carbon,1.08,%,,Continuous
9,N4 ,(P)KMg,1966,soil organic carbon,0.96,%,1,Continuous
9,N4 ,(P)KMg,1966,soil organic carbon,0.98,%,2,Continuous
9,N4 ,(P)KMg,1987,soil organic carbon,1.08,%,3,Continuous
9,N4 ,(P)KMg,1992,soil organic carbon,1.11,%,4,Continuous
9,N4 ,(P)KMg,1997,soil organic carbon,1.05,%,4,Continuous
9,N4 ,(P)KMg,2000,soil organic carbon,1.16,%,4,Continuous
9,N4 ,(P)KMg,2005,soil organic carbon,1.1,%,4,Continuous
9,N4 ,(P)KMg,2010,soil organic carbon,1.12,%,4,Continuous
10,N4,,1843,soil organic carbon,1,%,,Continuous
10,N4,,1865,soil organic carbon,1,%,,Continuous
10,N4,,1881,soil organic carbon,0.99,%,,Continuous
10,N4,,1893,soil organic carbon,0.92,%,,Continuous
10,N4,,1914,soil organic carbon,0.97,%,,Continuous
10,N4,,1944,soil organic carbon,1.03,%,,Continuous
10,N4,,1966,soil organic carbon,0.91,%,1,Continuous
10,N4,,1966,soil organic carbon,0.93,%,2,Continuous
10,N4,,1987,soil organic carbon,1,%,3,Continuous
10,N4,,1992,soil organic carbon,1.12,%,4,Continuous
10,N4,,1997,soil organic carbon,0.95,%,4,Continuous
10,N4,,2000,soil organic carbon,1.04,%,4,Continuous
10,N4,,2005,soil organic carbon,0.98,%,4,Continuous
10,N4,,2010,soil organic carbon,0.96,%,4,Continuous
11,N4  ,P Mg,1843,soil organic carbon,1,%,,Continuous
11,N4  ,P Mg,1881,soil organic carbon,na,%,,Continuous
11,N4  ,P Mg,1893,soil organic carbon,na,%,,Continuous
11,N4  ,P Mg,1914,soil organic carbon,na,%,,Continuous
11,N4  ,P Mg,1944,soil organic carbon,na,%,,Continuous
11,N4  ,P Mg,1966,soil organic carbon,0.97,%,1,Continuous
11,N4  ,P Mg,1966,soil organic carbon,1,%,2,Continuous
11,N4  ,P Mg,1987,soil organic carbon,1.06,%,3,Continuous
11,N4  ,P Mg,1992,soil organic carbon,1.02,%,4,Continuous
11,N4  ,P Mg,1997,soil organic carbon,0.96,%,4,Continuous
11,N4  ,P Mg,2000,soil organic carbon,1.11,%,4,Continuous
11,N4  ,P Mg,2005,soil organic carbon,1,%,4,Continuous
11,N4  ,P Mg,2010,soil organic carbon,1.01,%,4,Continuous
12,N1+3+1,(P)KMg,1843,soil organic carbon,1,%,,Continuous
12,N1+3+1,(P)KMg,1881,soil organic carbon,na,%,,Continuous
12,N1+3+1,(P)KMg,1893,soil organic carbon,na,%,,Continuous
12,N1+3+1,(P)KMg,1914,soil organic carbon,na,%,,Continuous
12,N1+3+1,(P)KMg,1944,soil organic carbon,na,%,,Continuous
12,N1+3+1,(P)KMg,1966,soil organic carbon,1.01,%,1,Continuous
12,N1+3+1,(P)KMg,1966,soil organic carbon,1.01,%,2,Continuous
12,N1+3+1,(P)KMg,1987,soil organic carbon,1.06,%,3,Continuous
12,N1+3+1,(P)KMg,1992,soil organic carbon,1.08,%,4,Continuous
12,N1+3+1,(P)KMg,1997,soil organic carbon,1.02,%,4,Continuous
12,N1+3+1,(P)KMg,2000,soil organic carbon,1.13,%,4,Continuous
12,N1+3+1,(P)KMg,2005,soil organic carbon,1.05,%,4,Continuous
12,N1+3+1,(P)KMg,2010,soil organic carbon,1.09,%,4,Continuous
13,N4  ,PK,1843,soil organic carbon,1,%,,Continuous
13,N4  ,PK,1881,soil organic carbon,na,%,,Continuous
13,N4  ,PK,1893,soil organic carbon,na,%,,Continuous
13,N4  ,PK,1914,soil organic carbon,na,%,,Continuous
13,N4  ,PK,1944,soil organic carbon,na,%,,Continuous
13,N4  ,PK,1966,soil organic carbon,1.03,%,1,Continuous
13,N4  ,PK,1966,soil organic carbon,1.06,%,2,Continuous
13,N4  ,PK,1987,soil organic carbon,1.1,%,3,Continuous
13,N4  ,PK,1992,soil organic carbon,1.12,%,4,Continuous
13,N4  ,PK,1997,soil organic carbon,1.04,%,4,Continuous
13,N4  ,PK,2000,soil organic carbon,1.16,%,4,Continuous
13,N4  ,PK,2005,soil organic carbon,1.04,%,4,Continuous
13,N4  ,PK,2010,soil organic carbon,1.07,%,4,Continuous
14,N4,PK*(Mg*),1843,soil organic carbon,1,%,,Continuous
14,N4,PK*(Mg*),1865,soil organic carbon,1.16,%,,Continuous
14,N4,PK*(Mg*),1881,soil organic carbon,1.07,%,,Continuous
14,N4,PK*(Mg*),1893,soil organic carbon,1.12,%,,Continuous
14,N4,PK*(Mg*),1914,soil organic carbon,1.07,%,,Continuous
14,N4,PK*(Mg*),1944,soil organic carbon,1.08,%,,Continuous
14,N4,PK*(Mg*),1966,soil organic carbon,1,%,1,Continuous
14,N4,PK*(Mg*),1966,soil organic carbon,1.03,%,2,Continuous
14,N4,PK*(Mg*),1987,soil organic carbon,1.02,%,3,Continuous
14,N4,PK*(Mg*),1992,soil organic carbon,1.03,%,4,Continuous
14,N4,PK*(Mg*),1997,soil organic carbon,1.02,%,4,Continuous
14,N4,PK*(Mg*),2000,soil organic carbon,1.13,%,4,Continuous
14,N4,PK*(Mg*),2005,soil organic carbon,1.03,%,4,Continuous
14,N4,PK*(Mg*),2010,soil organic carbon,1.06,%,4,Continuous
15,N5  ,(P)KMg,1843,soil organic carbon,1,%,,Continuous
15,N5  ,(P)KMg,1881,soil organic carbon,1.13,%,,Continuous
15,N5  ,(P)KMg,1893,soil organic carbon,1.15,%,,Continuous
15,N5  ,(P)KMg,1914,soil organic carbon,1.06,%,,Continuous
15,N5  ,(P)KMg,1944,soil organic carbon,1.06,%,,Continuous
15,N5  ,(P)KMg,1966,soil organic carbon,0.96,%,1,Continuous
15,N5  ,(P)KMg,1966,soil organic carbon,0.95,%,2,Continuous
15,N5  ,(P)KMg,1987,soil organic carbon,1.02,%,3,Continuous
15,N5  ,(P)KMg,1992,soil organic carbon,1.13,%,4,Continuous
15,N5  ,(P)KMg,1997,soil organic carbon,1.05,%,4,Continuous
15,N5  ,(P)KMg,2000,soil organic carbon,1.17,%,4,Continuous
15,N5  ,(P)KMg,2005,soil organic carbon,1.07,%,4,Continuous
15,N5  ,(P)KMg,2010,soil organic carbon,1.08,%,4,Continuous
16,N6 ,(P)KMg,1843,soil organic carbon,1,%,,Continuous
16,N6 ,(P)KMg,1881,soil organic carbon,1,%,,Continuous
16,N6 ,(P)KMg,1893,soil organic carbon,1.05,%,,Continuous
16,N6 ,(P)KMg,1914,soil organic carbon,1.01,%,,Continuous
16,N6 ,(P)KMg,1944,soil organic carbon,1.09,%,,Continuous
16,N6 ,(P)KMg,1966,soil organic carbon,1.01,%,1,Continuous
16,N6 ,(P)KMg,1966,soil organic carbon,1.01,%,2,Continuous
16,N6 ,(P)KMg,1987,soil organic carbon,1.04,%,3,Continuous
16,N6 ,(P)KMg,1992,soil organic carbon,1.11,%,4,Continuous
16,N6 ,(P)KMg,1997,soil organic carbon,1.1,%,4,Continuous
16,N6 ,(P)KMg,2000,soil organic carbon,1.24,%,4,Continuous
16,N6 ,(P)KMg,2005,soil organic carbon,1.14,%,4,Continuous
16,N6 ,(P)KMg,2010,soil organic carbon,1.16,%,4,Continuous
17,N1+4+1,PKMg,1843,soil organic carbon,1,%,,Continuous
17,N1+4+1,PKMg,1881,soil organic carbon,na,%,,Continuous
17,N1+4+1,PKMg,1893,soil organic carbon,na,%,,Continuous
17,N1+4+1,PKMg,1914,soil organic carbon,na,%,,Continuous
17,N1+4+1,PKMg,1944,soil organic carbon,na,%,,Continuous
17,N1+4+1,PKMg,1966,soil organic carbon,1,%,1,Continuous
17,N1+4+1,PKMg,1966,soil organic carbon,1,%,2,Continuous
17,N1+4+1,PKMg,1987,soil organic carbon,1.08,%,3,Continuous
17,N1+4+1,PKMg,1992,soil organic carbon,1.14,%,4,Continuous
17,N1+4+1,PKMg,1997,soil organic carbon,1.1,%,4,Continuous
17,N1+4+1,PKMg,2000,soil organic carbon,1.21,%,4,Continuous
17,N1+4+1,PKMg,2005,soil organic carbon,1.12,%,4,Continuous
17,N1+4+1,PKMg,2010,soil organic carbon,1.18,%,4,Continuous
18,N1+2+1,PKMg,1843,soil organic carbon,1,%,,Continuous
18,N1+2+1,PKMg,1881,soil organic carbon,1.09,%,,Continuous
18,N1+2+1,PKMg,1893,soil organic carbon,1.1,%,,Continuous
18,N1+2+1,PKMg,1914,soil organic carbon,1.1,%,,Continuous
18,N1+2+1,PKMg,1944,soil organic carbon,1.13,%,,Continuous
18,N1+2+1,PKMg,1966,soil organic carbon,1.02,%,1,Continuous
18,N1+2+1,PKMg,1966,soil organic carbon,1.03,%,2,Continuous
18,N1+2+1,PKMg,1987,soil organic carbon,1.09,%,3,Continuous
18,N1+2+1,PKMg,1992,soil organic carbon,1.14,%,4,Continuous
18,N1+2+1,PKMg,1997,soil organic carbon,1.1,%,4,Continuous
18,N1+2+1,PKMg,2000,soil organic carbon,1.23,%,4,Continuous
18,N1+2+1,PKMg,2005,soil organic carbon,1.11,%,4,Continuous
18,N1+2+1,PKMg,2010,soil organic carbon,1.18,%,4,Continuous
19,N1+1+1,KMg,1843,soil organic carbon,1,%,,Continuous
19,N1+1+1,KMg,1881,soil organic carbon,na,%,,Continuous
19,N1+1+1,KMg,1893,soil organic carbon,na,%,,Continuous
19,N1+1+1,KMg,1914,soil organic carbon,1.26,%,,Continuous
19,N1+1+1,KMg,1944,soil organic carbon,1.3,%,,Continuous
19,N1+1+1,KMg,1966,soil organic carbon,1.17,%,1,Continuous
19,N1+1+1,KMg,1966,soil organic carbon,1.18,%,2,Continuous
19,N1+1+1,KMg,1987,soil organic carbon,1.24,%,3,Continuous
19,N1+1+1,KMg,1992,soil organic carbon,1.21,%,4,Continuous
19,N1+1+1,KMg,1997,soil organic carbon,1.09,%,4,Continuous
19,N1+1+1,KMg,2000,soil organic carbon,1.26,%,4,Continuous
19,N1+1+1,KMg,2005,soil organic carbon,1.18,%,4,Continuous
19,N1+1+1,KMg,2010,soil organic carbon,1.21,%,4,Continuous
2.2,N0,FYM,1843,soil organic carbon,1,%,,Continuous
2.2,N0,FYM,1865,soil organic carbon,1.8,%,,Continuous
2.2,N0,FYM,1881,soil organic carbon,1.93,%,,Continuous
2.2,N0,FYM,1893,soil organic carbon,2.15,%,,Continuous
2.2,N0,FYM,1914,soil organic carbon,2.66,%,,Continuous
2.2,N0,FYM,1936,soil organic carbon,2.36,%,,Continuous
2.2,N0,FYM,1944,soil organic carbon,2.45,%,,Continuous
2.2,N0,FYM,1966,soil organic carbon,2.62,%,1,Continuous
2.2,N0,FYM,1966,soil organic carbon,2.61,%,2,Continuous
2.2,N0,FYM,1987,soil organic carbon,2.82,%,3,Continuous
2.2,N0,FYM,1992,soil organic carbon,2.68,%,4,Continuous
2.2,N0,FYM,1997,soil organic carbon,2.93,%,4,Continuous
2.2,N0,FYM,2000,soil organic carbon,2.89,%,4,Continuous
2.2,N0,FYM,2005,soil organic carbon,2.99,%,4,Continuous
2.2,N0,FYM,2010,soil organic carbon,2.97,%,4,Continuous
2.1,N3,FYM ,1843,soil organic carbon,ns,%,,Continuous
2.1,N3,FYM ,1865,soil organic carbon,ns,%,,Continuous
2.1,N3,FYM ,1881,soil organic carbon,ns,%,,Continuous
2.1,N3,FYM ,1893,soil organic carbon,1.55,%,,Continuous
2.1,N3,FYM ,1914,soil organic carbon,2.07,%,,Continuous
2.1,N3,FYM ,1936,soil organic carbon,2.02,%,,Continuous
2.1,N3,FYM ,1944,soil organic carbon,2.09,%,,Continuous
2.1,N3,FYM ,1966,soil organic carbon,2.31,%,1,Continuous
2.1,N3,FYM ,1966,soil organic carbon,2.28,%,2,Continuous
2.1,N3,FYM ,1987,soil organic carbon,2.34,%,3,Continuous
2.1,N3,FYM ,1992,soil organic carbon,2.67,%,4,Continuous
2.1,N3,FYM ,1997,soil organic carbon,2.62,%,4,Continuous
2.1,N3,FYM ,2000,soil organic carbon,2.75,%,4,Continuous
2.1,N3,FYM ,2005,soil organic carbon,2.56,%,4,Continuous
2.1,N3,FYM ,2010,soil organic carbon,2.89,%,4,Continuous
1,N4,(FYM) ,1843,soil organic carbon,ns,%,,Continuous
1,N4,(FYM) ,1865,soil organic carbon,ns,%,,Continuous
1,N4,(FYM) ,1881,soil organic carbon,ns,%,,Continuous
1,N4,(FYM) ,1893,soil organic carbon,ns,%,,Continuous
1,N4,(FYM) ,1914,soil organic carbon,ns,%,,Continuous
1,N4,(FYM) ,1936,soil organic carbon,ns,%,,Continuous
1,N4,(FYM) ,1944,soil organic carbon,ns,%,,Continuous
1,N4,(FYM) ,1966,soil organic carbon,ns,%,1,Continuous
1,N4,(FYM) ,1966,soil organic carbon,0.81,%,2,Continuous
1,N4,(FYM) ,1987,soil organic carbon,ns,%,3,Continuous
1,N4,(FYM) ,1992,soil organic carbon,2.05,%,4,Continuous
1,N4,(FYM) ,1997,soil organic carbon,2.01,%,4,Continuous
1,N4,(FYM) ,2000,soil organic carbon,2.36,%,4,Continuous
1,N4,(FYM) ,2005,soil organic carbon,1.99,%,4,Continuous
1,N4,(FYM) ,2010,soil organic carbon,1.94,%,4,Continuous
3,N0,Nil,1843,soil organic carbon,1,%,,rotation
3,N0,Nil,1865,soil organic carbon,0.94,%,,rotation
3,N0,Nil,1881,soil organic carbon,0.93,%,,rotation
3,N0,Nil,1893,soil organic carbon,0.78,%,,rotation
3,N0,Nil,1914,soil organic carbon,0.84,%,,rotation
3,N0,Nil,1936,soil organic carbon,0.91,%,,rotation
3,N0,Nil,1944,soil organic carbon,0.96,%,,rotation
3,N0,Nil,1966,soil organic carbon,0.85,%,1,rotation
3,N0,Nil,1966,soil organic carbon,0.81,%,2,rotation
3,N0,Nil,1987,soil organic carbon,0.82,%,5,rotation
3,N0,Nil,1994,soil organic carbon,0.74,%,6,rotation
3,N0,Nil,2000,soil organic carbon,0.77,%,7,rotation
3,N0,Nil,2005,soil organic carbon,0.76,%,8,rotation
3,N0,Nil,2010,soil organic carbon,0.79,%,9,rotation
5,N0,(P)KMg,1843,soil organic carbon,1,%,,rotation
5,N0,(P)KMg,1865,soil organic carbon,0.98,%,,rotation
5,N0,(P)KMg,1881,soil organic carbon,0.96,%,,rotation
5,N0,(P)KMg,1893,soil organic carbon,0.89,%,,rotation
5,N0,(P)KMg,1914,soil organic carbon,0.91,%,,rotation
5,N0,(P)KMg,1936,soil organic carbon,0.91,%,,rotation
5,N0,(P)KMg,1944,soil organic carbon,0.96,%,,rotation
5,N0,(P)KMg,1966,soil organic carbon,0.92,%,1,rotation
5,N0,(P)KMg,1966,soil organic carbon,0.88,%,2,rotation
5,N0,(P)KMg,1987,soil organic carbon,0.8,%,5,rotation
5,N0,(P)KMg,1994,soil organic carbon,0.77,%,6,rotation
5,N0,(P)KMg,2000,soil organic carbon,0.79,%,7,rotation
5,N0,(P)KMg,2005,soil organic carbon,0.8,%,8,rotation
5,N0,(P)KMg,2010,soil organic carbon,0.83,%,9,rotation
6,N1 ,(P)KMg,1843,soil organic carbon,1,%,,rotation
6,N1 ,(P)KMg,1881,soil organic carbon,1.01,%,,rotation
6,N1 ,(P)KMg,1893,soil organic carbon,0.94,%,,rotation
6,N1 ,(P)KMg,1914,soil organic carbon,1.01,%,,rotation
6,N1 ,(P)KMg,1936,soil organic carbon,ns,%,,rotation
6,N1 ,(P)KMg,1944,soil organic carbon,1.07,%,,rotation
6,N1 ,(P)KMg,1966,soil organic carbon,0.98,%,1,rotation
6,N1 ,(P)KMg,1966,soil organic carbon,0.94,%,2,rotation
6,N1 ,(P)KMg,1987,soil organic carbon,0.86,%,5,rotation
6,N1 ,(P)KMg,1994,soil organic carbon,0.88,%,6,rotation
6,N1 ,(P)KMg,2000,soil organic carbon,0.91,%,7,rotation
6,N1 ,(P)KMg,2005,soil organic carbon,0.87,%,8,rotation
6,N1 ,(P)KMg,2010,soil organic carbon,0.91,%,9,rotation
7,N2 ,(P)KMg,1843,soil organic carbon,1,%,,rotation
7,N2 ,(P)KMg,1865,soil organic carbon,1.06,%,,rotation
7,N2 ,(P)KMg,1881,soil organic carbon,1.08,%,,rotation
7,N2 ,(P)KMg,1893,soil organic carbon,1.05,%,,rotation
7,N2 ,(P)KMg,1914,soil organic carbon,1.1,%,,rotation
7,N2 ,(P)KMg,1936,soil organic carbon,1.06,%,,rotation
7,N2 ,(P)KMg,1944,soil organic carbon,1.1,%,,rotation
7,N2 ,(P)KMg,1966,soil organic carbon,1.02,%,1,rotation
7,N2 ,(P)KMg,1966,soil organic carbon,0.97,%,2,rotation
7,N2 ,(P)KMg,1987,soil organic carbon,0.89,%,5,rotation
7,N2 ,(P)KMg,1994,soil organic carbon,0.92,%,6,rotation
7,N2 ,(P)KMg,2000,soil organic carbon,0.91,%,7,rotation
7,N2 ,(P)KMg,2005,soil organic carbon,0.9,%,8,rotation
7,N2 ,(P)KMg,2010,soil organic carbon,0.93,%,9,rotation
8,N3 ,(P)KMg,1843,soil organic carbon,1,%,,rotation
8,N3 ,(P)KMg,1881,soil organic carbon,1.19,%,,rotation
8,N3 ,(P)KMg,1893,soil organic carbon,1.07,%,,rotation
8,N3 ,(P)KMg,1914,soil organic carbon,1.14,%,,rotation
8,N3 ,(P)KMg,1936,soil organic carbon,ns,%,,rotation
8,N3 ,(P)KMg,1944,soil organic carbon,1.14,%,,rotation
8,N3 ,(P)KMg,1966,soil organic carbon,1.04,%,1,rotation
8,N3 ,(P)KMg,1966,soil organic carbon,1,%,2,rotation
8,N3 ,(P)KMg,1987,soil organic carbon,0.91,%,5,rotation
8,N3 ,(P)KMg,1994,soil organic carbon,0.91,%,6,rotation
8,N3 ,(P)KMg,2000,soil organic carbon,0.97,%,7,rotation
8,N3 ,(P)KMg,2005,soil organic carbon,0.92,%,8,rotation
8,N3 ,(P)KMg,2010,soil organic carbon,0.94,%,9,rotation
9,N4 ,(P)KMg,1843,soil organic carbon,1,%,,rotation
9,N4 ,(P)KMg,1881,soil organic carbon,1.08,%,,rotation
9,N4 ,(P)KMg,1893,soil organic carbon,1.04,%,,rotation
9,N4 ,(P)KMg,1914,soil organic carbon,1,%,,rotation
9,N4 ,(P)KMg,1944,soil organic carbon,1.08,%,,rotation
9,N4 ,(P)KMg,1966,soil organic carbon,0.96,%,1,rotation
9,N4 ,(P)KMg,1966,soil organic carbon,0.92,%,2,rotation
9,N4 ,(P)KMg,1987,soil organic carbon,0.95,%,5,rotation
9,N4 ,(P)KMg,1994,soil organic carbon,0.92,%,6,rotation
9,N4 ,(P)KMg,2000,soil organic carbon,0.97,%,7,rotation
9,N4 ,(P)KMg,2005,soil organic carbon,0.96,%,8,rotation
9,N4 ,(P)KMg,2010,soil organic carbon,1,%,9,rotation
10,N4,,1843,soil organic carbon,1,%,,rotation
10,N4,,1865,soil organic carbon,1,%,,rotation
10,N4,,1881,soil organic carbon,0.99,%,,rotation
10,N4,,1893,soil organic carbon,0.92,%,,rotation
10,N4,,1914,soil organic carbon,0.97,%,,rotation
10,N4,,1944,soil organic carbon,1.03,%,,rotation
10,N4,,1966,soil organic carbon,0.91,%,1,rotation
10,N4,,1966,soil organic carbon,0.88,%,2,rotation
10,N4,,1987,soil organic carbon,0.88,%,5,rotation
10,N4,,1994,soil organic carbon,0.89,%,6,rotation
10,N4,,2000,soil organic carbon,0.92,%,7,rotation
10,N4,,2005,soil organic carbon,0.9,%,8,rotation
10,N4,,2010,soil organic carbon,0.94,%,9,rotation
11,N4  ,P Mg,1843,soil organic carbon,1,%,,rotation
11,N4  ,P Mg,1881,soil organic carbon,na,%,,rotation
11,N4  ,P Mg,1893,soil organic carbon,na,%,,rotation
11,N4  ,P Mg,1914,soil organic carbon,na,%,,rotation
11,N4  ,P Mg,1944,soil organic carbon,na,%,,rotation
11,N4  ,P Mg,1966,soil organic carbon,0.97,%,1,rotation
11,N4  ,P Mg,1966,soil organic carbon,0.93,%,2,rotation
11,N4  ,P Mg,1987,soil organic carbon,0.89,%,5,rotation
11,N4  ,P Mg,1994,soil organic carbon,0.91,%,6,rotation
11,N4  ,P Mg,2000,soil organic carbon,0.96,%,7,rotation
11,N4  ,P Mg,2005,soil organic carbon,0.92,%,8,rotation
11,N4  ,P Mg,2010,soil organic carbon,0.95,%,9,rotation
12,N1+3+1,(P)KMg,1843,soil organic carbon,1,%,,rotation
12,N1+3+1,(P)KMg,1881,soil organic carbon,na,%,,rotation
12,N1+3+1,(P)KMg,1893,soil organic carbon,na,%,,rotation
12,N1+3+1,(P)KMg,1914,soil organic carbon,na,%,,rotation
12,N1+3+1,(P)KMg,1944,soil organic carbon,na,%,,rotation
12,N1+3+1,(P)KMg,1966,soil organic carbon,1.01,%,1,rotation
12,N1+3+1,(P)KMg,1966,soil organic carbon,1,%,2,rotation
12,N1+3+1,(P)KMg,1987,soil organic carbon,0.91,%,5,rotation
12,N1+3+1,(P)KMg,1994,soil organic carbon,0.92,%,6,rotation
12,N1+3+1,(P)KMg,2000,soil organic carbon,0.97,%,7,rotation
12,N1+3+1,(P)KMg,2005,soil organic carbon,0.95,%,8,rotation
12,N1+3+1,(P)KMg,2010,soil organic carbon,0.99,%,9,rotation
13,N4  ,PK,1843,soil organic carbon,1,%,,rotation
13,N4  ,PK,1881,soil organic carbon,na,%,,rotation
13,N4  ,PK,1893,soil organic carbon,na,%,,rotation
13,N4  ,PK,1914,soil organic carbon,na,%,,rotation
13,N4  ,PK,1944,soil organic carbon,na,%,,rotation
13,N4  ,PK,1966,soil organic carbon,1.03,%,1,rotation
13,N4  ,PK,1966,soil organic carbon,1,%,2,rotation
13,N4  ,PK,1987,soil organic carbon,0.93,%,5,rotation
13,N4  ,PK,1994,soil organic carbon,0.94,%,6,rotation
13,N4  ,PK,2000,soil organic carbon,1,%,7,rotation
13,N4  ,PK,2005,soil organic carbon,0.98,%,8,rotation
13,N4  ,PK,2010,soil organic carbon,1.01,%,9,rotation
14,N4,PK*(Mg*),1843,soil organic carbon,1,%,,rotation
14,N4,PK*(Mg*),1865,soil organic carbon,1.16,%,,rotation
14,N4,PK*(Mg*),1881,soil organic carbon,1.07,%,,rotation
14,N4,PK*(Mg*),1893,soil organic carbon,1.12,%,,rotation
14,N4,PK*(Mg*),1914,soil organic carbon,1.07,%,,rotation
14,N4,PK*(Mg*),1944,soil organic carbon,1.08,%,,rotation
14,N4,PK*(Mg*),1966,soil organic carbon,1,%,1,rotation
14,N4,PK*(Mg*),1966,soil organic carbon,0.98,%,2,rotation
14,N4,PK*(Mg*),1987,soil organic carbon,0.93,%,5,rotation
14,N4,PK*(Mg*),1994,soil organic carbon,0.94,%,6,rotation
14,N4,PK*(Mg*),2000,soil organic carbon,1.02,%,7,rotation
14,N4,PK*(Mg*),2005,soil organic carbon,0.96,%,8,rotation
14,N4,PK*(Mg*),2010,soil organic carbon,0.98,%,9,rotation
15,N5  ,(P)KMg,1843,soil organic carbon,1,%,,rotation
15,N5  ,(P)KMg,1881,soil organic carbon,1.13,%,,rotation
15,N5  ,(P)KMg,1893,soil organic carbon,1.15,%,,rotation
15,N5  ,(P)KMg,1914,soil organic carbon,1.06,%,,rotation
15,N5  ,(P)KMg,1944,soil organic carbon,1.06,%,,rotation
15,N5  ,(P)KMg,1966,soil organic carbon,0.96,%,1,rotation
15,N5  ,(P)KMg,1966,soil organic carbon,0.96,%,2,rotation
15,N5  ,(P)KMg,1987,soil organic carbon,0.93,%,5,rotation
15,N5  ,(P)KMg,1994,soil organic carbon,0.96,%,6,rotation
15,N5  ,(P)KMg,2000,soil organic carbon,1.04,%,7,rotation
15,N5  ,(P)KMg,2005,soil organic carbon,1.02,%,8,rotation
15,N5  ,(P)KMg,2010,soil organic carbon,1.04,%,9,rotation
16,N6 ,(P)KMg,1843,soil organic carbon,1,%,,rotation
16,N6 ,(P)KMg,1881,soil organic carbon,1,%,,rotation
16,N6 ,(P)KMg,1893,soil organic carbon,1.05,%,,rotation
16,N6 ,(P)KMg,1914,soil organic carbon,1.01,%,,rotation
16,N6 ,(P)KMg,1944,soil organic carbon,1.09,%,,rotation
16,N6 ,(P)KMg,1966,soil organic carbon,1.01,%,1,rotation
16,N6 ,(P)KMg,1966,soil organic carbon,0.99,%,2,rotation
16,N6 ,(P)KMg,1987,soil organic carbon,1,%,5,rotation
16,N6 ,(P)KMg,1994,soil organic carbon,1.02,%,6,rotation
16,N6 ,(P)KMg,2000,soil organic carbon,1.07,%,7,rotation
16,N6 ,(P)KMg,2005,soil organic carbon,1.06,%,8,rotation
16,N6 ,(P)KMg,2010,soil organic carbon,1.09,%,9,rotation
17,N1+4+1,PKMg,1843,soil organic carbon,1,%,,rotation
17,N1+4+1,PKMg,1881,soil organic carbon,na,%,,rotation
17,N1+4+1,PKMg,1893,soil organic carbon,na,%,,rotation
17,N1+4+1,PKMg,1914,soil organic carbon,na,%,,rotation
17,N1+4+1,PKMg,1944,soil organic carbon,na,%,,rotation
17,N1+4+1,PKMg,1966,soil organic carbon,1,%,1,rotation
17,N1+4+1,PKMg,1966,soil organic carbon,0.99,%,2,rotation
17,N1+4+1,PKMg,1987,soil organic carbon,0.99,%,5,rotation
17,N1+4+1,PKMg,1994,soil organic carbon,0.99,%,6,rotation
17,N1+4+1,PKMg,2000,soil organic carbon,1.09,%,7,rotation
17,N1+4+1,PKMg,2005,soil organic carbon,1.05,%,8,rotation
17,N1+4+1,PKMg,2010,soil organic carbon,1.09,%,9,rotation
18,N1+2+1,PKMg,1843,soil organic carbon,1,%,,rotation
18,N1+2+1,PKMg,1881,soil organic carbon,1.09,%,,rotation
18,N1+2+1,PKMg,1893,soil organic carbon,1.1,%,,rotation
18,N1+2+1,PKMg,1914,soil organic carbon,1.1,%,,rotation
18,N1+2+1,PKMg,1944,soil organic carbon,1.13,%,,rotation
18,N1+2+1,PKMg,1966,soil organic carbon,1.02,%,1,rotation
18,N1+2+1,PKMg,1966,soil organic carbon,1,%,2,rotation
18,N1+2+1,PKMg,1987,soil organic carbon,1.01,%,5,rotation
18,N1+2+1,PKMg,1994,soil organic carbon,1.02,%,6,rotation
18,N1+2+1,PKMg,2000,soil organic carbon,1.09,%,7,rotation
18,N1+2+1,PKMg,2005,soil organic carbon,1.04,%,8,rotation
18,N1+2+1,PKMg,2010,soil organic carbon,1.09,%,9,rotation
19,N1+1+1,KMg,1843,soil organic carbon,1,%,,rotation
19,N1+1+1,KMg,1881,soil organic carbon,na,%,,rotation
19,N1+1+1,KMg,1893,soil organic carbon,na,%,,rotation
19,N1+1+1,KMg,1914,soil organic carbon,1.26,%,,rotation
19,N1+1+1,KMg,1944,soil organic carbon,1.3,%,,rotation
19,N1+1+1,KMg,1966,soil organic carbon,1.17,%,1,rotation
19,N1+1+1,KMg,1966,soil organic carbon,1.15,%,2,rotation
19,N1+1+1,KMg,1987,soil organic carbon,1.15,%,5,rotation
19,N1+1+1,KMg,1994,soil organic carbon,1.13,%,6,rotation
19,N1+1+1,KMg,2000,soil organic carbon,1.07,%,7,rotation
19,N1+1+1,KMg,2005,soil organic carbon,1.07,%,8,rotation
19,N1+1+1,KMg,2010,soil organic carbon,1.11,%,9,rotation
2.2,N0,FYM,1843,soil organic carbon,1,%,,rotation
2.2,N1,FYM,1865,soil organic carbon,1.8,%,,rotation
2.2,N2,FYM,1881,soil organic carbon,1.93,%,,rotation
2.2,N3,FYM,1893,soil organic carbon,2.15,%,,rotation
2.2,N4,FYM,1914,soil organic carbon,2.66,%,,rotation
2.2,N5,FYM,1936,soil organic carbon,2.36,%,,rotation
2.2,N6,FYM,1944,soil organic carbon,2.45,%,,rotation
2.2,N7,FYM,1966,soil organic carbon,2.62,%,1,rotation
2.2,N8,FYM,1966,soil organic carbon,2.57,%,2,rotation
2.2,N9,FYM,1987,soil organic carbon,2.51,%,5,rotation
2.2,N10,FYM,1994,soil organic carbon,2.64,%,6,rotation
2.2,N11,FYM,2000,soil organic carbon,2.65,%,7,rotation
2.2,N12,FYM,2005,soil organic carbon,2.65,%,8,rotation
2.2,N13,FYM,2010,soil organic carbon,2.86,%,9,rotation
2.1,N3,FYM ,1843,soil organic carbon,ns,%,,rotation
2.1,N3,FYM ,1865,soil organic carbon,ns,%,,rotation
2.1,N3,FYM ,1881,soil organic carbon,ns,%,,rotation
2.1,N3,FYM ,1893,soil organic carbon,1.55,%,,rotation
2.1,N3,FYM ,1914,soil organic carbon,2.07,%,,rotation
2.1,N3,FYM ,1936,soil organic carbon,2.02,%,,rotation
2.1,N3,FYM ,1944,soil organic carbon,2.09,%,,rotation
2.1,N3,FYM ,1966,soil organic carbon,2.31,%,1,rotation
2.1,N3,FYM ,1966,soil organic carbon,2.32,%,2,rotation
2.1,N3,FYM ,1987,soil organic carbon,2.37,%,5,rotation
2.1,N3,FYM ,1994,soil organic carbon,2.51,%,6,rotation
2.1,N3,FYM ,2000,soil organic carbon,2.61,%,7,rotation
2.1,N3,FYM ,2005,soil organic carbon,2.69,%,8,rotation
2.1,N3,FYM ,2010,soil organic carbon,2.67,%,9,rotation
1,N4,(FYM) ,1843,soil organic carbon,ns,%,,rotation
1,N4,(FYM) ,1865,soil organic carbon,ns,%,,rotation
1,N4,(FYM) ,1881,soil organic carbon,ns,%,,rotation
1,N4,(FYM) ,1893,soil organic carbon,ns,%,,rotation
1,N4,(FYM) ,1914,soil organic carbon,ns,%,,rotation
1,N4,(FYM) ,1936,soil organic carbon,ns,%,,rotation
1,N4,(FYM) ,1944,soil organic carbon,ns,%,,rotation
1,N4,(FYM) ,1966,soil organic carbon,ns,%,1,rotation
1,N4,(FYM) ,1966,soil organic carbon,0.81,%,2,rotation
1,N4,(FYM) ,1987,soil organic carbon,1.67,%,5,rotation
1,N4,(FYM) ,1994,soil organic carbon,1.9,%,6,rotation
1,N4,(FYM) ,2000,soil organic carbon,2.1,%,7,rotation
1,N4,(FYM) ,2005,soil organic carbon,1.91,%,8,rotation
1,N4,(FYM) ,2010,soil organic carbon,1.87,%,9,rotation
3,N0,Nil,1843,total nitrogen,0.11,%,,continuous
3,N0,Nil,1865,total nitrogen,0.105,%,,continuous
3,N0,Nil,1881,total nitrogen,0.1,%,,continuous
3,N0,Nil,1893,total nitrogen,0.091,%,,continuous
3,N0,Nil,1914,total nitrogen,0.094,%,,continuous
3,N0,Nil,1936,total nitrogen,0.097,%,,continuous
3,N0,Nil,1944,total nitrogen,0.102,%,,continuous
3,N0,Nil,1966,total nitrogen,0.101,%,1,continuous
3,N0,Nil,1966,total nitrogen,0.103,%,2,continuous
3,N0,Nil,1987,total nitrogen,0.102,%,3,continuous
3,N0,Nil,1992,total nitrogen,0.091,%,4,continuous
3,N0,Nil,1997,total nitrogen,0.09,%,4,continuous
3,N0,Nil,2000,total nitrogen,0.088,%,4,continuous
3,N0,Nil,2005,total nitrogen,0.093,%,4,continuous
3,N0,Nil,2010,total nitrogen,0.089,%,4,continuous
5,N0,(P)KMg,1843,total nitrogen,0.11,%,,continuous
5,N0,(P)KMg,1865,total nitrogen,0.107,%,,continuous
5,N0,(P)KMg,1881,total nitrogen,0.103,%,,continuous
5,N0,(P)KMg,1893,total nitrogen,0.098,%,,continuous
5,N0,(P)KMg,1914,total nitrogen,0.104,%,,continuous
5,N0,(P)KMg,1936,total nitrogen,0.099,%,,continuous
5,N0,(P)KMg,1944,total nitrogen,0.103,%,,continuous
5,N0,(P)KMg,1966,total nitrogen,0.107,%,1,continuous
5,N0,(P)KMg,1966,total nitrogen,0.109,%,2,continuous
5,N0,(P)KMg,1987,total nitrogen,0.104,%,3,continuous
5,N0,(P)KMg,1992,total nitrogen,0.101,%,4,continuous
5,N0,(P)KMg,1997,total nitrogen,0.098,%,4,continuous
5,N0,(P)KMg,2000,total nitrogen,0.094,%,4,continuous
5,N0,(P)KMg,2005,total nitrogen,0.098,%,4,continuous
5,N0,(P)KMg,2010,total nitrogen,0.095,%,4,continuous
6,N1 ,(P)KMg,1843,total nitrogen,0.11,%,,continuous
6,N1 ,(P)KMg,1881,total nitrogen,0.112,%,,continuous
6,N1 ,(P)KMg,1893,total nitrogen,0.105,%,,continuous
6,N1 ,(P)KMg,1914,total nitrogen,0.113,%,,continuous
6,N1 ,(P)KMg,1936,total nitrogen,ns,%,,continuous
6,N1 ,(P)KMg,1944,total nitrogen,0.11,%,,continuous
6,N1 ,(P)KMg,1966,total nitrogen,0.114,%,1,continuous
6,N1 ,(P)KMg,1966,total nitrogen,0.118,%,2,continuous
6,N1 ,(P)KMg,1987,total nitrogen,0.112,%,3,continuous
6,N1 ,(P)KMg,1992,total nitrogen,0.113,%,4,continuous
6,N1 ,(P)KMg,1997,total nitrogen,0.111,%,4,continuous
6,N1 ,(P)KMg,2000,total nitrogen,0.108,%,4,continuous
6,N1 ,(P)KMg,2005,total nitrogen,0.11,%,4,continuous
6,N1 ,(P)KMg,2010,total nitrogen,0.105,%,4,continuous
7,N2 ,(P)KMg,1843,total nitrogen,0.11,%,,continuous
7,N2 ,(P)KMg,1865,total nitrogen,0.118,%,,continuous
7,N2 ,(P)KMg,1881,total nitrogen,0.119,%,,continuous
7,N2 ,(P)KMg,1893,total nitrogen,0.115,%,,continuous
7,N2 ,(P)KMg,1914,total nitrogen,0.119,%,,continuous
7,N2 ,(P)KMg,1936,total nitrogen,0.114,%,,continuous
7,N2 ,(P)KMg,1944,total nitrogen,0.118,%,,continuous
7,N2 ,(P)KMg,1966,total nitrogen,0.117,%,1,continuous
7,N2 ,(P)KMg,1966,total nitrogen,0.12,%,2,continuous
7,N2 ,(P)KMg,1987,total nitrogen,0.124,%,3,continuous
7,N2 ,(P)KMg,1992,total nitrogen,0.119,%,4,continuous
7,N2 ,(P)KMg,1997,total nitrogen,0.118,%,4,continuous
7,N2 ,(P)KMg,2000,total nitrogen,0.113,%,4,continuous
7,N2 ,(P)KMg,2005,total nitrogen,0.115,%,4,continuous
7,N2 ,(P)KMg,2010,total nitrogen,0.107,%,4,continuous
8,N3 ,(P)KMg,1843,total nitrogen,0.11,%,,continuous
8,N3 ,(P)KMg,1881,total nitrogen,0.125,%,,continuous
8,N3 ,(P)KMg,1893,total nitrogen,0.115,%,,continuous
8,N3 ,(P)KMg,1914,total nitrogen,0.13,%,,continuous
8,N3 ,(P)KMg,1936,total nitrogen,ns,%,,continuous
8,N3 ,(P)KMg,1944,total nitrogen,0.12,%,,continuous
8,N3 ,(P)KMg,1966,total nitrogen,0.12,%,1,continuous
8,N3 ,(P)KMg,1966,total nitrogen,0.121,%,2,continuous
8,N3 ,(P)KMg,1987,total nitrogen,0.126,%,3,continuous
8,N3 ,(P)KMg,1992,total nitrogen,0.118,%,4,continuous
8,N3 ,(P)KMg,1997,total nitrogen,0.119,%,4,continuous
8,N3 ,(P)KMg,2000,total nitrogen,0.113,%,4,continuous
8,N3 ,(P)KMg,2005,total nitrogen,0.114,%,4,continuous
8,N3 ,(P)KMg,2010,total nitrogen,0.109,%,4,continuous
9,N4 ,(P)KMg,1843,total nitrogen,0.11,%,,continuous
9,N4 ,(P)KMg,1881,total nitrogen,0.118,%,,continuous
9,N4 ,(P)KMg,1893,total nitrogen,0.116,%,,continuous
9,N4 ,(P)KMg,1914,total nitrogen,0.114,%,,continuous
9,N4 ,(P)KMg,1944,total nitrogen,0.111,%,,continuous
9,N4 ,(P)KMg,1966,total nitrogen,0.111,%,1,continuous
9,N4 ,(P)KMg,1966,total nitrogen,0.114,%,2,continuous
9,N4 ,(P)KMg,1987,total nitrogen,0.122,%,3,continuous
9,N4 ,(P)KMg,1992,total nitrogen,0.122,%,4,continuous
9,N4 ,(P)KMg,1997,total nitrogen,0.124,%,4,continuous
9,N4 ,(P)KMg,2000,total nitrogen,0.118,%,4,continuous
9,N4 ,(P)KMg,2005,total nitrogen,0.122,%,4,continuous
9,N4 ,(P)KMg,2010,total nitrogen,0.117,%,4,continuous
10,N4,,1843,total nitrogen,0.11,%,,continuous
10,N4,,1865,total nitrogen,0.106,%,,continuous
10,N4,,1881,total nitrogen,0.108,%,,continuous
10,N4,,1893,total nitrogen,0.104,%,,continuous
10,N4,,1914,total nitrogen,0.108,%,,continuous
10,N4,,1944,total nitrogen,0.107,%,,continuous
10,N4,,1966,total nitrogen,0.107,%,1,continuous
10,N4,,1966,total nitrogen,0.106,%,2,continuous
10,N4,,1987,total nitrogen,0.11,%,3,continuous
10,N4,,1992,total nitrogen,0.111,%,4,continuous
10,N4,,1997,total nitrogen,0.111,%,4,continuous
10,N4,,2000,total nitrogen,0.105,%,4,continuous
10,N4,,2005,total nitrogen,0.109,%,4,continuous
10,N4,,2010,total nitrogen,0.103,%,4,continuous
11,N4  ,P Mg,1843,total nitrogen,0.11,%,,continuous
11,N4  ,P Mg,1881,total nitrogen,na,%,,continuous
11,N4  ,P Mg,1893,total nitrogen,na,%,,continuous
11,N4  ,P Mg,1914,total nitrogen,na,%,,continuous
11,N4  ,P Mg,1944,total nitrogen,na,%,,continuous
11,N4  ,P Mg,1966,total nitrogen,0.114,%,1,continuous
11,N4  ,P Mg,1966,total nitrogen,0.116,%,2,continuous
11,N4  ,P Mg,1987,total nitrogen,0.114,%,3,continuous
11,N4  ,P Mg,1992,total nitrogen,0.112,%,4,continuous
11,N4  ,P Mg,1997,total nitrogen,0.112,%,4,continuous
11,N4  ,P Mg,2000,total nitrogen,0.109,%,4,continuous
11,N4  ,P Mg,2005,total nitrogen,0.111,%,4,continuous
11,N4  ,P Mg,2010,total nitrogen,0.105,%,4,continuous
12,N1+3+1,(P)KMg,1843,total nitrogen,0.11,%,,continuous
12,N1+3+1,(P)KMg,1881,total nitrogen,na,%,,continuous
12,N1+3+1,(P)KMg,1893,total nitrogen,na,%,,continuous
12,N1+3+1,(P)KMg,1914,total nitrogen,na,%,,continuous
12,N1+3+1,(P)KMg,1944,total nitrogen,na,%,,continuous
12,N1+3+1,(P)KMg,1966,total nitrogen,0.115,%,1,continuous
12,N1+3+1,(P)KMg,1966,total nitrogen,0.116,%,2,continuous
12,N1+3+1,(P)KMg,1987,total nitrogen,0.114,%,3,continuous
12,N1+3+1,(P)KMg,1992,total nitrogen,0.115,%,4,continuous
12,N1+3+1,(P)KMg,1997,total nitrogen,0.116,%,4,continuous
12,N1+3+1,(P)KMg,2000,total nitrogen,0.113,%,4,continuous
12,N1+3+1,(P)KMg,2005,total nitrogen,0.118,%,4,continuous
12,N1+3+1,(P)KMg,2010,total nitrogen,0.112,%,4,continuous
13,N4  ,PK,1843,total nitrogen,0.11,%,,continuous
13,N4  ,PK,1881,total nitrogen,na,%,,continuous
13,N4  ,PK,1893,total nitrogen,na,%,,continuous
13,N4  ,PK,1914,total nitrogen,na,%,,continuous
13,N4  ,PK,1944,total nitrogen,na,%,,continuous
13,N4  ,PK,1966,total nitrogen,0.117,%,1,continuous
13,N4  ,PK,1966,total nitrogen,0.12,%,2,continuous
13,N4  ,PK,1987,total nitrogen,0.118,%,3,continuous
13,N4  ,PK,1992,total nitrogen,0.119,%,4,continuous
13,N4  ,PK,1997,total nitrogen,0.12,%,4,continuous
13,N4  ,PK,2000,total nitrogen,0.119,%,4,continuous
13,N4  ,PK,2005,total nitrogen,0.118,%,4,continuous
13,N4  ,PK,2010,total nitrogen,0.111,%,4,continuous
14,N4,PK*(Mg*),1843,total nitrogen,0.11,%,,continuous
14,N4,PK*(Mg*),1865,total nitrogen,0.116,%,,continuous
14,N4,PK*(Mg*),1881,total nitrogen,0.117,%,,continuous
14,N4,PK*(Mg*),1893,total nitrogen,0.119,%,,continuous
14,N4,PK*(Mg*),1914,total nitrogen,0.111,%,,continuous
14,N4,PK*(Mg*),1944,total nitrogen,0.115,%,,continuous
14,N4,PK*(Mg*),1966,total nitrogen,0.116,%,1,continuous
14,N4,PK*(Mg*),1966,total nitrogen,0.117,%,2,continuous
14,N4,PK*(Mg*),1987,total nitrogen,0.112,%,3,continuous
14,N4,PK*(Mg*),1992,total nitrogen,0.115,%,4,continuous
14,N4,PK*(Mg*),1997,total nitrogen,0.116,%,4,continuous
14,N4,PK*(Mg*),2000,total nitrogen,0.113,%,4,continuous
14,N4,PK*(Mg*),2005,total nitrogen,0.115,%,4,continuous
14,N4,PK*(Mg*),2010,total nitrogen,0.11,%,4,continuous
15,N5  ,(P)KMg,1843,total nitrogen,0.11,%,,continuous
15,N5  ,(P)KMg,1881,total nitrogen,0.12,%,,continuous
15,N5  ,(P)KMg,1893,total nitrogen,0.12,%,,continuous
15,N5  ,(P)KMg,1914,total nitrogen,0.114,%,,continuous
15,N5  ,(P)KMg,1944,total nitrogen,0.113,%,,continuous
15,N5  ,(P)KMg,1966,total nitrogen,0.111,%,1,continuous
15,N5  ,(P)KMg,1966,total nitrogen,0.111,%,2,continuous
15,N5  ,(P)KMg,1987,total nitrogen,0.11,%,3,continuous
15,N5  ,(P)KMg,1992,total nitrogen,0.122,%,4,continuous
15,N5  ,(P)KMg,1997,total nitrogen,0.121,%,4,continuous
15,N5  ,(P)KMg,2000,total nitrogen,0.116,%,4,continuous
15,N5  ,(P)KMg,2005,total nitrogen,0.119,%,4,continuous
15,N5  ,(P)KMg,2010,total nitrogen,0.11,%,4,continuous
16,N6 ,(P)KMg,1843,total nitrogen,0.11,%,,continuous
16,N6 ,(P)KMg,1881,total nitrogen,0.108,%,,continuous
16,N6 ,(P)KMg,1893,total nitrogen,0.112,%,,continuous
16,N6 ,(P)KMg,1914,total nitrogen,0.112,%,,continuous
16,N6 ,(P)KMg,1944,total nitrogen,0.114,%,,continuous
16,N6 ,(P)KMg,1966,total nitrogen,0.115,%,1,continuous
16,N6 ,(P)KMg,1966,total nitrogen,0.115,%,2,continuous
16,N6 ,(P)KMg,1987,total nitrogen,0.114,%,3,continuous
16,N6 ,(P)KMg,1992,total nitrogen,0.122,%,4,continuous
16,N6 ,(P)KMg,1997,total nitrogen,0.13,%,4,continuous
16,N6 ,(P)KMg,2000,total nitrogen,0.125,%,4,continuous
16,N6 ,(P)KMg,2005,total nitrogen,0.129,%,4,continuous
16,N6 ,(P)KMg,2010,total nitrogen,0.122,%,4,continuous
17,N1+4+1,PKMg,1843,total nitrogen,0.11,%,,continuous
17,N1+4+1,PKMg,1881,total nitrogen,na,%,,continuous
17,N1+4+1,PKMg,1893,total nitrogen,na,%,,continuous
17,N1+4+1,PKMg,1914,total nitrogen,na,%,,continuous
17,N1+4+1,PKMg,1944,total nitrogen,na,%,,continuous
17,N1+4+1,PKMg,1966,total nitrogen,0.118,%,1,continuous
17,N1+4+1,PKMg,1966,total nitrogen,0.118,%,2,continuous
17,N1+4+1,PKMg,1987,total nitrogen,0.121,%,3,continuous
17,N1+4+1,PKMg,1992,total nitrogen,0.123,%,4,continuous
17,N1+4+1,PKMg,1997,total nitrogen,0.125,%,4,continuous
17,N1+4+1,PKMg,2000,total nitrogen,0.12,%,4,continuous
17,N1+4+1,PKMg,2005,total nitrogen,0.123,%,4,continuous
17,N1+4+1,PKMg,2010,total nitrogen,0.122,%,4,continuous
18,N1+2+1,PKMg,1843,total nitrogen,0.11,%,,continuous
18,N1+2+1,PKMg,1881,total nitrogen,0.117,%,,continuous
18,N1+2+1,PKMg,1893,total nitrogen,0.117,%,,continuous
18,N1+2+1,PKMg,1914,total nitrogen,0.12,%,,continuous
18,N1+2+1,PKMg,1944,total nitrogen,0.12,%,,continuous
18,N1+2+1,PKMg,1966,total nitrogen,0.119,%,1,continuous
18,N1+2+1,PKMg,1966,total nitrogen,0.121,%,2,continuous
18,N1+2+1,PKMg,1987,total nitrogen,0.12,%,3,continuous
18,N1+2+1,PKMg,1992,total nitrogen,0.123,%,4,continuous
18,N1+2+1,PKMg,1997,total nitrogen,0.126,%,4,continuous
18,N1+2+1,PKMg,2000,total nitrogen,0.119,%,4,continuous
18,N1+2+1,PKMg,2005,total nitrogen,0.124,%,4,continuous
18,N1+2+1,PKMg,2010,total nitrogen,0.121,%,4,continuous
19,N1+1+1,KMg,1843,total nitrogen,0.11,%,,continuous
19,N1+1+1,KMg,1881,total nitrogen,na,%,,continuous
19,N1+1+1,KMg,1893,total nitrogen,na,%,,continuous
19,N1+1+1,KMg,1914,total nitrogen,0.135,%,,continuous
19,N1+1+1,KMg,1944,total nitrogen,0.135,%,,continuous
19,N1+1+1,KMg,1966,total nitrogen,0.13,%,1,continuous
19,N1+1+1,KMg,1966,total nitrogen,0.133,%,2,continuous
19,N1+1+1,KMg,1987,total nitrogen,0.136,%,3,continuous
19,N1+1+1,KMg,1992,total nitrogen,0.124,%,4,continuous
19,N1+1+1,KMg,1997,total nitrogen,0.123,%,4,continuous
19,N1+1+1,KMg,2000,total nitrogen,0.119,%,4,continuous
19,N1+1+1,KMg,2005,total nitrogen,0.124,%,4,continuous
19,N1+1+1,KMg,2010,total nitrogen,0.119,%,4,continuous
2.2,N0,FYM,1843,total nitrogen,0.11,%,,continuous
2.2,N0,FYM,1865,total nitrogen,0.178,%,,continuous
2.2,N0,FYM,1881,total nitrogen,0.187,%,,continuous
2.2,N0,FYM,1893,total nitrogen,0.218,%,,continuous
2.2,N0,FYM,1914,total nitrogen,0.256,%,,continuous
2.2,N0,FYM,1936,total nitrogen,0.22,%,,continuous
2.2,N0,FYM,1944,total nitrogen,0.229,%,,continuous
2.2,N0,FYM,1966,total nitrogen,0.253,%,1,continuous
2.2,N0,FYM,1966,total nitrogen,0.255,%,2,continuous
2.2,N0,FYM,1987,total nitrogen,0.27,%,3,continuous
2.2,N0,FYM,1992,total nitrogen,0.271,%,4,continuous
2.2,N0,FYM,1997,total nitrogen,0.304,%,4,continuous
2.2,N0,FYM,2000,total nitrogen,0.273,%,4,continuous
2.2,N0,FYM,2005,total nitrogen,0.291,%,4,continuous
2.2,N0,FYM,2010,total nitrogen,0.285,%,4,continuous
2.1,N3,FYM ,1843,total nitrogen,ns,%,,continuous
2.1,N3,FYM ,1865,total nitrogen,ns,%,,continuous
2.1,N3,FYM ,1881,total nitrogen,ns,%,,continuous
2.1,N3,FYM ,1893,total nitrogen,0.159,%,,continuous
2.1,N3,FYM ,1914,total nitrogen,0.202,%,,continuous
2.1,N3,FYM ,1936,total nitrogen,0.19,%,,continuous
2.1,N3,FYM ,1944,total nitrogen,0.198,%,,continuous
2.1,N3,FYM ,1966,total nitrogen,0.218,%,1,continuous
2.1,N3,FYM ,1966,total nitrogen,0.217,%,2,continuous
2.1,N3,FYM ,1987,total nitrogen,0.228,%,3,continuous
2.1,N3,FYM ,1992,total nitrogen,0.271,%,4,continuous
2.1,N3,FYM ,1997,total nitrogen,0.272,%,4,continuous
2.1,N3,FYM ,2000,total nitrogen,0.26,%,4,continuous
2.1,N3,FYM ,2005,total nitrogen,0.255,%,4,continuous
2.1,N3,FYM ,2010,total nitrogen,0.281,%,4,continuous
1,N4,(FYM) ,1843,total nitrogen,ns,%,,continuous
1,N4,(FYM) ,1865,total nitrogen,ns,%,,continuous
1,N4,(FYM) ,1881,total nitrogen,ns,%,,continuous
1,N4,(FYM) ,1893,total nitrogen,ns,%,,continuous
1,N4,(FYM) ,1914,total nitrogen,ns,%,,continuous
1,N4,(FYM) ,1936,total nitrogen,ns,%,,continuous
1,N4,(FYM) ,1944,total nitrogen,ns,%,,continuous
1,N4,(FYM) ,1966,total nitrogen,ns,%,1,continuous
1,N4,(FYM) ,1966,total nitrogen,0.094,%,2,continuous
1,N4,(FYM) ,1987,total nitrogen,ns,%,3,continuous
1,N4,(FYM) ,1992,total nitrogen,0.203,%,4,continuous
1,N4,(FYM) ,1997,total nitrogen,0.212,%,4,continuous
1,N4,(FYM) ,2000,total nitrogen,0.216,%,4,continuous
1,N4,(FYM) ,2005,total nitrogen,0.198,%,4,continuous
1,N4,(FYM) ,2010,total nitrogen,0.192,%,4,continuous
3,N0,Nil,1843,total nitrogen,0.11,%,,rotation
3,N0,Nil,1865,total nitrogen,0.105,%,,rotation
3,N0,Nil,1881,total nitrogen,0.1,%,,rotation
3,N0,Nil,1893,total nitrogen,0.091,%,,rotation
3,N0,Nil,1914,total nitrogen,0.094,%,,rotation
3,N0,Nil,1936,total nitrogen,0.097,%,,rotation
3,N0,Nil,1944,total nitrogen,0.102,%,,rotation
3,N0,Nil,1966,total nitrogen,0.101,%,1,rotation
3,N0,Nil,1966,total nitrogen,0.098,%,2,rotation
3,N0,Nil,1987,total nitrogen,0.086,%,5,rotation
3,N0,Nil,1994,total nitrogen,0.085,%,6,rotation
3,N0,Nil,2000,total nitrogen,0.077,%,7,rotation
3,N0,Nil,2005,total nitrogen,0.083,%,8,rotation
3,N0,Nil,2010,total nitrogen,0.086,%,9,rotation
5,N0,(P)KMg,1843,total nitrogen,0.11,%,,rotation
5,N0,(P)KMg,1865,total nitrogen,0.107,%,,rotation
5,N0,(P)KMg,1881,total nitrogen,0.103,%,,rotation
5,N0,(P)KMg,1893,total nitrogen,0.098,%,,rotation
5,N0,(P)KMg,1914,total nitrogen,0.104,%,,rotation
5,N0,(P)KMg,1936,total nitrogen,0.099,%,,rotation
5,N0,(P)KMg,1944,total nitrogen,0.103,%,,rotation
5,N0,(P)KMg,1966,total nitrogen,0.107,%,1,rotation
5,N0,(P)KMg,1966,total nitrogen,0.103,%,2,rotation
5,N0,(P)KMg,1987,total nitrogen,0.088,%,5,rotation
5,N0,(P)KMg,1994,total nitrogen,0.088,%,6,rotation
5,N0,(P)KMg,2000,total nitrogen,0.079,%,7,rotation
5,N0,(P)KMg,2005,total nitrogen,0.087,%,8,rotation
5,N0,(P)KMg,2010,total nitrogen,0.092,%,9,rotation
6,N1 ,(P)KMg,1843,total nitrogen,0.11,%,,rotation
6,N1 ,(P)KMg,1881,total nitrogen,0.112,%,,rotation
6,N1 ,(P)KMg,1893,total nitrogen,0.105,%,,rotation
6,N1 ,(P)KMg,1914,total nitrogen,0.113,%,,rotation
6,N1 ,(P)KMg,1936,total nitrogen,ns,%,,rotation
6,N1 ,(P)KMg,1944,total nitrogen,0.11,%,,rotation
6,N1 ,(P)KMg,1966,total nitrogen,0.114,%,1,rotation
6,N1 ,(P)KMg,1966,total nitrogen,0.109,%,2,rotation
6,N1 ,(P)KMg,1987,total nitrogen,0.092,%,5,rotation
6,N1 ,(P)KMg,1994,total nitrogen,0.094,%,6,rotation
6,N1 ,(P)KMg,2000,total nitrogen,0.087,%,7,rotation
6,N1 ,(P)KMg,2005,total nitrogen,0.093,%,8,rotation
6,N1 ,(P)KMg,2010,total nitrogen,0.1,%,9,rotation
7,N2 ,(P)KMg,1843,total nitrogen,0.11,%,,rotation
7,N2 ,(P)KMg,1865,total nitrogen,0.118,%,,rotation
7,N2 ,(P)KMg,1881,total nitrogen,0.119,%,,rotation
7,N2 ,(P)KMg,1893,total nitrogen,0.115,%,,rotation
7,N2 ,(P)KMg,1914,total nitrogen,0.119,%,,rotation
7,N2 ,(P)KMg,1936,total nitrogen,0.114,%,,rotation
7,N2 ,(P)KMg,1944,total nitrogen,0.118,%,,rotation
7,N2 ,(P)KMg,1966,total nitrogen,0.117,%,1,rotation
7,N2 ,(P)KMg,1966,total nitrogen,0.113,%,2,rotation
7,N2 ,(P)KMg,1987,total nitrogen,0.096,%,5,rotation
7,N2 ,(P)KMg,1994,total nitrogen,0.1,%,6,rotation
7,N2 ,(P)KMg,2000,total nitrogen,0.088,%,7,rotation
7,N2 ,(P)KMg,2005,total nitrogen,0.095,%,8,rotation
7,N2 ,(P)KMg,2010,total nitrogen,0.102,%,9,rotation
8,N3 ,(P)KMg,1843,total nitrogen,0.11,%,,rotation
8,N3 ,(P)KMg,1881,total nitrogen,0.125,%,,rotation
8,N3 ,(P)KMg,1893,total nitrogen,0.115,%,,rotation
8,N3 ,(P)KMg,1914,total nitrogen,0.13,%,,rotation
8,N3 ,(P)KMg,1936,total nitrogen,ns,%,,rotation
8,N3 ,(P)KMg,1944,total nitrogen,0.12,%,,rotation
8,N3 ,(P)KMg,1966,total nitrogen,0.12,%,1,rotation
8,N3 ,(P)KMg,1966,total nitrogen,0.117,%,2,rotation
8,N3 ,(P)KMg,1987,total nitrogen,0.097,%,5,rotation
8,N3 ,(P)KMg,1994,total nitrogen,0.1,%,6,rotation
8,N3 ,(P)KMg,2000,total nitrogen,0.094,%,7,rotation
8,N3 ,(P)KMg,2005,total nitrogen,0.097,%,8,rotation
8,N3 ,(P)KMg,2010,total nitrogen,0.104,%,9,rotation
9,N4 ,(P)KMg,1843,total nitrogen,0.11,%,,rotation
9,N4 ,(P)KMg,1881,total nitrogen,0.118,%,,rotation
9,N4 ,(P)KMg,1893,total nitrogen,0.116,%,,rotation
9,N4 ,(P)KMg,1914,total nitrogen,0.114,%,,rotation
9,N4 ,(P)KMg,1944,total nitrogen,0.111,%,,rotation
9,N4 ,(P)KMg,1966,total nitrogen,0.111,%,1,rotation
9,N4 ,(P)KMg,1966,total nitrogen,0.108,%,2,rotation
9,N4 ,(P)KMg,1987,total nitrogen,0.1,%,5,rotation
9,N4 ,(P)KMg,1994,total nitrogen,0.102,%,6,rotation
9,N4 ,(P)KMg,2000,total nitrogen,0.095,%,7,rotation
9,N4 ,(P)KMg,2005,total nitrogen,0.102,%,8,rotation
9,N4 ,(P)KMg,2010,total nitrogen,0.11,%,9,rotation
10,N4,,1843,total nitrogen,0.11,%,,rotation
10,N4,,1865,total nitrogen,0.106,%,,rotation
10,N4,,1881,total nitrogen,0.108,%,,rotation
10,N4,,1893,total nitrogen,0.104,%,,rotation
10,N4,,1914,total nitrogen,0.108,%,,rotation
10,N4,,1944,total nitrogen,0.107,%,,rotation
10,N4,,1966,total nitrogen,0.107,%,1,rotation
10,N4,,1966,total nitrogen,0.105,%,2,rotation
10,N4,,1987,total nitrogen,0.093,%,5,rotation
10,N4,,1994,total nitrogen,0.097,%,6,rotation
10,N4,,2000,total nitrogen,0.089,%,7,rotation
10,N4,,2005,total nitrogen,0.095,%,8,rotation
10,N4,,2010,total nitrogen,0.1,%,9,rotation
11,N4  ,P Mg,1843,total nitrogen,0.11,%,,rotation
11,N4  ,P Mg,1881,total nitrogen,na,%,,rotation
11,N4  ,P Mg,1893,total nitrogen,na,%,,rotation
11,N4  ,P Mg,1914,total nitrogen,na,%,,rotation
11,N4  ,P Mg,1944,total nitrogen,na,%,,rotation
11,N4  ,P Mg,1966,total nitrogen,0.114,%,1,rotation
11,N4  ,P Mg,1966,total nitrogen,0.11,%,2,rotation
11,N4  ,P Mg,1987,total nitrogen,0.092,%,5,rotation
11,N4  ,P Mg,1994,total nitrogen,0.099,%,6,rotation
11,N4  ,P Mg,2000,total nitrogen,0.09,%,7,rotation
11,N4  ,P Mg,2005,total nitrogen,0.098,%,8,rotation
11,N4  ,P Mg,2010,total nitrogen,0.104,%,9,rotation
12,N1+3+1,(P)KMg,1843,total nitrogen,0.11,%,,rotation
12,N1+3+1,(P)KMg,1881,total nitrogen,na,%,,rotation
12,N1+3+1,(P)KMg,1893,total nitrogen,na,%,,rotation
12,N1+3+1,(P)KMg,1914,total nitrogen,na,%,,rotation
12,N1+3+1,(P)KMg,1944,total nitrogen,na,%,,rotation
12,N1+3+1,(P)KMg,1966,total nitrogen,0.115,%,1,rotation
12,N1+3+1,(P)KMg,1966,total nitrogen,0.114,%,2,rotation
12,N1+3+1,(P)KMg,1987,total nitrogen,0.096,%,5,rotation
12,N1+3+1,(P)KMg,1994,total nitrogen,0.1,%,6,rotation
12,N1+3+1,(P)KMg,2000,total nitrogen,0.094,%,7,rotation
12,N1+3+1,(P)KMg,2005,total nitrogen,0.1,%,8,rotation
12,N1+3+1,(P)KMg,2010,total nitrogen,0.108,%,9,rotation
13,N4  ,PK,1843,total nitrogen,0.11,%,,rotation
13,N4  ,PK,1881,total nitrogen,na,%,,rotation
13,N4  ,PK,1893,total nitrogen,na,%,,rotation
13,N4  ,PK,1914,total nitrogen,na,%,,rotation
13,N4  ,PK,1944,total nitrogen,na,%,,rotation
13,N4  ,PK,1966,total nitrogen,0.117,%,1,rotation
13,N4  ,PK,1966,total nitrogen,0.114,%,2,rotation
13,N4  ,PK,1987,total nitrogen,0.098,%,5,rotation
13,N4  ,PK,1994,total nitrogen,0.103,%,6,rotation
13,N4  ,PK,2000,total nitrogen,0.095,%,7,rotation
13,N4  ,PK,2005,total nitrogen,0.102,%,8,rotation
13,N4  ,PK,2010,total nitrogen,0.108,%,9,rotation
14,N4,PK*(Mg*),1843,total nitrogen,0.11,%,,rotation
14,N4,PK*(Mg*),1865,total nitrogen,0.116,%,,rotation
14,N4,PK*(Mg*),1881,total nitrogen,0.117,%,,rotation
14,N4,PK*(Mg*),1893,total nitrogen,0.119,%,,rotation
14,N4,PK*(Mg*),1914,total nitrogen,0.111,%,,rotation
14,N4,PK*(Mg*),1944,total nitrogen,0.115,%,,rotation
14,N4,PK*(Mg*),1966,total nitrogen,0.116,%,1,rotation
14,N4,PK*(Mg*),1966,total nitrogen,0.115,%,2,rotation
14,N4,PK*(Mg*),1987,total nitrogen,0.098,%,5,rotation
14,N4,PK*(Mg*),1994,total nitrogen,0.103,%,6,rotation
14,N4,PK*(Mg*),2000,total nitrogen,0.096,%,7,rotation
14,N4,PK*(Mg*),2005,total nitrogen,0.101,%,8,rotation
14,N4,PK*(Mg*),2010,total nitrogen,0.107,%,9,rotation
15,N5  ,(P)KMg,1843,total nitrogen,0.11,%,,rotation
15,N5  ,(P)KMg,1881,total nitrogen,0.12,%,,rotation
15,N5  ,(P)KMg,1893,total nitrogen,0.12,%,,rotation
15,N5  ,(P)KMg,1914,total nitrogen,0.114,%,,rotation
15,N5  ,(P)KMg,1944,total nitrogen,0.113,%,,rotation
15,N5  ,(P)KMg,1966,total nitrogen,0.111,%,1,rotation
15,N5  ,(P)KMg,1966,total nitrogen,0.109,%,2,rotation
15,N5  ,(P)KMg,1987,total nitrogen,0.099,%,5,rotation
15,N5  ,(P)KMg,1994,total nitrogen,0.104,%,6,rotation
15,N5  ,(P)KMg,2000,total nitrogen,0.098,%,7,rotation
15,N5  ,(P)KMg,2005,total nitrogen,0.106,%,8,rotation
15,N5  ,(P)KMg,2010,total nitrogen,0.111,%,9,rotation
16,N6 ,(P)KMg,1843,total nitrogen,0.11,%,,rotation
16,N6 ,(P)KMg,1881,total nitrogen,0.108,%,,rotation
16,N6 ,(P)KMg,1893,total nitrogen,0.112,%,,rotation
16,N6 ,(P)KMg,1914,total nitrogen,0.112,%,,rotation
16,N6 ,(P)KMg,1944,total nitrogen,0.114,%,,rotation
16,N6 ,(P)KMg,1966,total nitrogen,0.115,%,1,rotation
16,N6 ,(P)KMg,1966,total nitrogen,0.113,%,2,rotation
16,N6 ,(P)KMg,1987,total nitrogen,0.102,%,5,rotation
16,N6 ,(P)KMg,1994,total nitrogen,0.109,%,6,rotation
16,N6 ,(P)KMg,2000,total nitrogen,0.102,%,7,rotation
16,N6 ,(P)KMg,2005,total nitrogen,0.111,%,8,rotation
16,N6 ,(P)KMg,2010,total nitrogen,0.119,%,9,rotation
17,N1+4+1,PKMg,1843,total nitrogen,0.11,%,,rotation
17,N1+4+1,PKMg,1881,total nitrogen,na,%,,rotation
17,N1+4+1,PKMg,1893,total nitrogen,na,%,,rotation
17,N1+4+1,PKMg,1914,total nitrogen,na,%,,rotation
17,N1+4+1,PKMg,1944,total nitrogen,na,%,,rotation
17,N1+4+1,PKMg,1966,total nitrogen,0.118,%,1,rotation
17,N1+4+1,PKMg,1966,total nitrogen,0.115,%,2,rotation
17,N1+4+1,PKMg,1987,total nitrogen,0.101,%,5,rotation
17,N1+4+1,PKMg,1994,total nitrogen,0.107,%,6,rotation
17,N1+4+1,PKMg,2000,total nitrogen,0.101,%,7,rotation
17,N1+4+1,PKMg,2005,total nitrogen,0.11,%,8,rotation
17,N1+4+1,PKMg,2010,total nitrogen,0.118,%,9,rotation
18,N1+2+1,PKMg,1843,total nitrogen,0.11,%,,rotation
18,N1+2+1,PKMg,1881,total nitrogen,0.117,%,,rotation
18,N1+2+1,PKMg,1893,total nitrogen,0.117,%,,rotation
18,N1+2+1,PKMg,1914,total nitrogen,0.12,%,,rotation
18,N1+2+1,PKMg,1944,total nitrogen,0.12,%,,rotation
18,N1+2+1,PKMg,1966,total nitrogen,0.119,%,1,rotation
18,N1+2+1,PKMg,1966,total nitrogen,0.115,%,2,rotation
18,N1+2+1,PKMg,1987,total nitrogen,0.104,%,5,rotation
18,N1+2+1,PKMg,1994,total nitrogen,0.109,%,6,rotation
18,N1+2+1,PKMg,2000,total nitrogen,0.101,%,7,rotation
18,N1+2+1,PKMg,2005,total nitrogen,0.107,%,8,rotation
18,N1+2+1,PKMg,2010,total nitrogen,0.118,%,9,rotation
19,N1+1+1,KMg,1843,total nitrogen,0.11,%,,rotation
19,N1+1+1,KMg,1881,total nitrogen,na,%,,rotation
19,N1+1+1,KMg,1893,total nitrogen,na,%,,rotation
19,N1+1+1,KMg,1914,total nitrogen,0.135,%,,rotation
19,N1+1+1,KMg,1944,total nitrogen,0.135,%,,rotation
19,N1+1+1,KMg,1966,total nitrogen,0.13,%,1,rotation
19,N1+1+1,KMg,1966,total nitrogen,0.127,%,2,rotation
19,N1+1+1,KMg,1987,total nitrogen,0.1,%,5,rotation
19,N1+1+1,KMg,1994,total nitrogen,0.106,%,6,rotation
19,N1+1+1,KMg,2000,total nitrogen,0.099,%,7,rotation
19,N1+1+1,KMg,2005,total nitrogen,0.103,%,8,rotation
19,N1+1+1,KMg,2010,total nitrogen,0.114,%,9,rotation
2.2,N0,FYM,1843,total nitrogen,0.11,%,,rotation
2.2,N0,FYM,1865,total nitrogen,0.178,%,,rotation
2.2,N0,FYM,1881,total nitrogen,0.187,%,,rotation
2.2,N0,FYM,1893,total nitrogen,0.218,%,,rotation
2.2,N0,FYM,1914,total nitrogen,0.256,%,,rotation
2.2,N0,FYM,1936,total nitrogen,0.22,%,,rotation
2.2,N0,FYM,1944,total nitrogen,0.229,%,,rotation
2.2,N0,FYM,1966,total nitrogen,0.253,%,1,rotation
2.2,N0,FYM,1966,total nitrogen,0.248,%,2,rotation
2.2,N0,FYM,1987,total nitrogen,0.245,%,5,rotation
2.2,N0,FYM,1994,total nitrogen,0.261,%,6,rotation
2.2,N0,FYM,2000,total nitrogen,0.244,%,7,rotation
2.2,N0,FYM,2005,total nitrogen,0.253,%,8,rotation
2.2,N0,FYM,2010,total nitrogen,0.278,%,9,rotation
2.1,N3,FYM ,1843,total nitrogen,ns,%,,rotation
2.1,N3,FYM ,1865,total nitrogen,ns,%,,rotation
2.1,N3,FYM ,1881,total nitrogen,ns,%,,rotation
2.1,N3,FYM ,1893,total nitrogen,0.159,%,,rotation
2.1,N3,FYM ,1914,total nitrogen,0.202,%,,rotation
2.1,N3,FYM ,1936,total nitrogen,0.19,%,,rotation
2.1,N3,FYM ,1944,total nitrogen,0.198,%,,rotation
2.1,N3,FYM ,1966,total nitrogen,0.218,%,1,rotation
2.1,N3,FYM ,1966,total nitrogen,0.217,%,2,rotation
2.1,N3,FYM ,1987,total nitrogen,0.229,%,5,rotation
2.1,N3,FYM ,1994,total nitrogen,0.25,%,6,rotation
2.1,N3,FYM ,2000,total nitrogen,0.24,%,7,rotation
2.1,N3,FYM ,2005,total nitrogen,0.255,%,8,rotation
2.1,N3,FYM ,2010,total nitrogen,0.269,%,9,rotation
1,N4,(FYM) ,1843,total nitrogen,ns,%,,rotation
1,N4,(FYM) ,1865,total nitrogen,ns,%,,rotation
1,N4,(FYM) ,1881,total nitrogen,ns,%,,rotation
1,N4,(FYM) ,1893,total nitrogen,ns,%,,rotation
1,N4,(FYM) ,1914,total nitrogen,ns,%,,rotation
1,N4,(FYM) ,1936,total nitrogen,ns,%,,rotation
1,N4,(FYM) ,1944,total nitrogen,ns,%,,rotation
1,N4,(FYM) ,1966,total nitrogen,ns,%,1,rotation
1,N4,(FYM) ,1966,total nitrogen,0.098,%,2,rotation
1,N4,(FYM) ,1987,total nitrogen,0.163,%,5,rotation
1,N4,(FYM) ,1994,total nitrogen,0.193,%,6,rotation
1,N4,(FYM) ,2000,total nitrogen,0.197,%,7,rotation
1,N4,(FYM) ,2005,total nitrogen,0.189,%,8,rotation
1,N4,(FYM) ,2010,total nitrogen,0.183,%,9,rotation
3,N0,Nil,1843,olsen P,10,mg/kg,,continuous
3,N0,Nil,1881,olsen P,8,mg/kg,,continuous
3,N0,Nil,1893,olsen P,7,mg/kg,,continuous
3,N0,Nil,1914,olsen P,7,mg/kg,,continuous
3,N0,Nil,1936,olsen P,12,mg/kg,,continuous
3,N0,Nil,1944,olsen P,15,mg/kg,,continuous
3,N0,Nil,1966,olsen P,9,mg/kg,1,continuous
3,N0,Nil,1966,olsen P,10,mg/kg,2,continuous
3,N0,Nil,1987,olsen P,5,mg/kg,3,continuous
3,N0,Nil,1992,olsen P,8,mg/kg,4,continuous
3,N0,Nil,1997,olsen P,7,mg/kg,4,continuous
3,N0,Nil,2000,olsen P,6,mg/kg,4,continuous
3,N0,Nil,2005,olsen P,9,mg/kg,4,continuous
3,N0,Nil,2010,olsen P,9,mg/kg,4,continuous
3,N0,Nil,2015,olsen P,11,mg/kg,4,continuous
5,N0,(P)KMg,1843,olsen P,10,mg/kg,,continuous
5,N0,(P)KMg,1865,olsen P,47,mg/kg,,continuous
5,N0,(P)KMg,1881,olsen P,64,mg/kg,,continuous
5,N0,(P)KMg,1893,olsen P,65,mg/kg,,continuous
5,N0,(P)KMg,1914,olsen P,87,mg/kg,,continuous
5,N0,(P)KMg,1936,olsen P,71,mg/kg,,continuous
5,N0,(P)KMg,1944,olsen P,72,mg/kg,,continuous
5,N0,(P)KMg,1966,olsen P,81,mg/kg,1,continuous
5,N0,(P)KMg,1966,olsen P,76,mg/kg,2,continuous
5,N0,(P)KMg,1987,olsen P,77,mg/kg,3,continuous
5,N0,(P)KMg,1992,olsen P,96,mg/kg,4,continuous
5,N0,(P)KMg,1997,olsen P,90,mg/kg,4,continuous
5,N0,(P)KMg,2000,olsen P,90,mg/kg,4,continuous
5,N0,(P)KMg,2005,olsen P,76,mg/kg,4,continuous
5,N0,(P)KMg,2010,olsen P,81,mg/kg,4,continuous
5,N0,(P)KMg,2015,olsen P,71,mg/kg,4,continuous
6,N1 ,(P)KMg,1843,olsen P,10,mg/kg,,continuous
6,N1 ,(P)KMg,1881,olsen P,62,mg/kg,,continuous
6,N1 ,(P)KMg,1893,olsen P,52,mg/kg,,continuous
6,N1 ,(P)KMg,1914,olsen P,77,mg/kg,,continuous
6,N1 ,(P)KMg,1936,olsen P,ns,mg/kg,,continuous
6,N1 ,(P)KMg,1944,olsen P,77,mg/kg,,continuous
6,N1 ,(P)KMg,1966,olsen P,90,mg/kg,1,continuous
6,N1 ,(P)KMg,1966,olsen P,87,mg/kg,2,continuous
6,N1 ,(P)KMg,1987,olsen P,79,mg/kg,3,continuous
6,N1 ,(P)KMg,1992,olsen P,103,mg/kg,4,continuous
6,N1 ,(P)KMg,1997,olsen P,93,mg/kg,4,continuous
6,N1 ,(P)KMg,2000,olsen P,97,mg/kg,4,continuous
6,N1 ,(P)KMg,2005,olsen P,83,mg/kg,4,continuous
6,N1 ,(P)KMg,2010,olsen P,83,mg/kg,4,continuous
6,N1 ,(P)KMg,2015,olsen P,74,mg/kg,4,continuous
7,N2 ,(P)KMg,1843,olsen P,10,mg/kg,,continuous
7,N2 ,(P)KMg,1881,olsen P,57,mg/kg,,continuous
7,N2 ,(P)KMg,1893,olsen P,45,mg/kg,,continuous
7,N2 ,(P)KMg,1914,olsen P,76,mg/kg,,continuous
7,N2 ,(P)KMg,1936,olsen P,73,mg/kg,,continuous
7,N2 ,(P)KMg,1944,olsen P,76,mg/kg,,continuous
7,N2 ,(P)KMg,1966,olsen P,90,mg/kg,1,continuous
7,N2 ,(P)KMg,1966,olsen P,95,mg/kg,2,continuous
7,N2 ,(P)KMg,1987,olsen P,98,mg/kg,3,continuous
7,N2 ,(P)KMg,1992,olsen P,107,mg/kg,4,continuous
7,N2 ,(P)KMg,1997,olsen P,96,mg/kg,4,continuous
7,N2 ,(P)KMg,2000,olsen P,90,mg/kg,4,continuous
7,N2 ,(P)KMg,2005,olsen P,78,mg/kg,4,continuous
7,N2 ,(P)KMg,2010,olsen P,80,mg/kg,4,continuous
7,N2 ,(P)KMg,2015,olsen P,67,mg/kg,4,continuous
8,N3 ,(P)KMg,1843,olsen P,10,mg/kg,,continuous
8,N3 ,(P)KMg,1881,olsen P,44,mg/kg,,continuous
8,N3 ,(P)KMg,1893,olsen P,40,mg/kg,,continuous
8,N3 ,(P)KMg,1914,olsen P,65,mg/kg,,continuous
8,N3 ,(P)KMg,1936,olsen P,ns,mg/kg,,continuous
8,N3 ,(P)KMg,1944,olsen P,60,mg/kg,,continuous
8,N3 ,(P)KMg,1966,olsen P,81,mg/kg,1,continuous
8,N3 ,(P)KMg,1966,olsen P,89,mg/kg,2,continuous
8,N3 ,(P)KMg,1987,olsen P,80,mg/kg,3,continuous
8,N3 ,(P)KMg,1992,olsen P,85,mg/kg,4,continuous
8,N3 ,(P)KMg,1997,olsen P,81,mg/kg,4,continuous
8,N3 ,(P)KMg,2000,olsen P,74,mg/kg,4,continuous
8,N3 ,(P)KMg,2005,olsen P,63,mg/kg,4,continuous
8,N3 ,(P)KMg,2010,olsen P,63,mg/kg,4,continuous
8,N3 ,(P)KMg,2015,olsen P,56,mg/kg,4,continuous
9,N4 ,(P)KMg,1843,olsen P,10,mg/kg,,continuous
9,N4 ,(P)KMg,1865,olsen P,26,mg/kg,,continuous
9,N4 ,(P)KMg,1881,olsen P,35,mg/kg,,continuous
9,N4 ,(P)KMg,1893,olsen P,30,mg/kg,,continuous
9,N4 ,(P)KMg,1914,olsen P,40,mg/kg,,continuous
9,N4 ,(P)KMg,1944,olsen P,60,mg/kg,,continuous
9,N4 ,(P)KMg,1966,olsen P,81,mg/kg,1,continuous
9,N4 ,(P)KMg,1966,olsen P,72,mg/kg,2,continuous
9,N4 ,(P)KMg,1987,olsen P,64,mg/kg,3,continuous
9,N4 ,(P)KMg,1992,olsen P,78,mg/kg,4,continuous
9,N4 ,(P)KMg,1997,olsen P,75,mg/kg,4,continuous
9,N4 ,(P)KMg,2000,olsen P,69,mg/kg,4,continuous
9,N4 ,(P)KMg,2005,olsen P,65,mg/kg,4,continuous
9,N4 ,(P)KMg,2010,olsen P,56,mg/kg,4,continuous
9,N4 ,(P)KMg,2015,olsen P,50,mg/kg,4,continuous
10,N4,,1843,olsen P,10,mg/kg,,continuous
10,N4,,1865,olsen P,8,mg/kg,,continuous
10,N4,,1881,olsen P,5,mg/kg,,continuous
10,N4,,1893,olsen P,4,mg/kg,,continuous
10,N4,,1914,olsen P,4,mg/kg,,continuous
10,N4,,1944,olsen P,10,mg/kg,,continuous
10,N4,,1966,olsen P,8,mg/kg,1,continuous
10,N4,,1966,olsen P,10,mg/kg,2,continuous
10,N4,,1987,olsen P,2,mg/kg,3,continuous
10,N4,,1992,olsen P,4,mg/kg,4,continuous
10,N4,,1997,olsen P,3,mg/kg,4,continuous
10,N4,,2000,olsen P,3,mg/kg,4,continuous
10,N4,,2005,olsen P,7,mg/kg,4,continuous
10,N4,,2010,olsen P,5,mg/kg,4,continuous
10,N4,,2015,olsen P,5,mg/kg,4,continuous
11,N4  ,P Mg,1843,olsen P,10,mg/kg,,continuous
11,N4  ,P Mg,1881,olsen P,na,mg/kg,,continuous
11,N4  ,P Mg,1893,olsen P,na,mg/kg,,continuous
11,N4  ,P Mg,1914,olsen P,na,mg/kg,,continuous
11,N4  ,P Mg,1944,olsen P,na,mg/kg,,continuous
11,N4  ,P Mg,1966,olsen P,79,mg/kg,1,continuous
11,N4  ,P Mg,1966,olsen P,86,mg/kg,2,continuous
11,N4  ,P Mg,1987,olsen P,78,mg/kg,3,continuous
11,N4  ,P Mg,1992,olsen P,97,mg/kg,4,continuous
11,N4  ,P Mg,1997,olsen P,89,mg/kg,4,continuous
11,N4  ,P Mg,2000,olsen P,88,mg/kg,4,continuous
11,N4  ,P Mg,2005,olsen P,82,mg/kg,4,continuous
11,N4  ,P Mg,2010,olsen P,94,mg/kg,4,continuous
11,N4  ,P Mg,2015,olsen P,88,mg/kg,4,continuous
12,N1+3+1,(P)KMg,1843,olsen P,10,mg/kg,,continuous
12,N1+3+1,(P)KMg,1881,olsen P,na,mg/kg,,continuous
12,N1+3+1,(P)KMg,1893,olsen P,na,mg/kg,,continuous
12,N1+3+1,(P)KMg,1914,olsen P,na,mg/kg,,continuous
12,N1+3+1,(P)KMg,1944,olsen P,na,mg/kg,,continuous
12,N1+3+1,(P)KMg,1966,olsen P,83,mg/kg,1,continuous
12,N1+3+1,(P)KMg,1966,olsen P,88,mg/kg,2,continuous
12,N1+3+1,(P)KMg,1987,olsen P,84,mg/kg,3,continuous
12,N1+3+1,(P)KMg,1992,olsen P,97,mg/kg,4,continuous
12,N1+3+1,(P)KMg,1997,olsen P,90,mg/kg,4,continuous
12,N1+3+1,(P)KMg,2000,olsen P,90,mg/kg,4,continuous
12,N1+3+1,(P)KMg,2005,olsen P,76,mg/kg,4,continuous
12,N1+3+1,(P)KMg,2010,olsen P,72,mg/kg,4,continuous
12,N1+3+1,(P)KMg,2015,olsen P,66,mg/kg,4,continuous
13,N4  ,PK,1843,olsen P,10,mg/kg,,continuous
13,N4  ,PK,1881,olsen P,na,mg/kg,,continuous
13,N4  ,PK,1893,olsen P,na,mg/kg,,continuous
13,N4  ,PK,1914,olsen P,na,mg/kg,,continuous
13,N4  ,PK,1944,olsen P,na,mg/kg,,continuous
13,N4  ,PK,1966,olsen P,81,mg/kg,1,continuous
13,N4  ,PK,1966,olsen P,83,mg/kg,2,continuous
13,N4  ,PK,1987,olsen P,82,mg/kg,3,continuous
13,N4  ,PK,1992,olsen P,92,mg/kg,4,continuous
13,N4  ,PK,1997,olsen P,88,mg/kg,4,continuous
13,N4  ,PK,2000,olsen P,86,mg/kg,4,continuous
13,N4  ,PK,2005,olsen P,81,mg/kg,4,continuous
13,N4  ,PK,2010,olsen P,96,mg/kg,4,continuous
13,N4  ,PK,2015,olsen P,90,mg/kg,4,continuous
14,N4,PK*(Mg*),1843,olsen P,10,mg/kg,,continuous
14,N4,PK*(Mg*),1865,olsen P,31,mg/kg,,continuous
14,N4,PK*(Mg*),1881,olsen P,35,mg/kg,,continuous
14,N4,PK*(Mg*),1893,olsen P,47,mg/kg,,continuous
14,N4,PK*(Mg*),1914,olsen P,66,mg/kg,,continuous
14,N4,PK*(Mg*),1944,olsen P,69,mg/kg,,continuous
14,N4,PK*(Mg*),1966,olsen P,87,mg/kg,1,continuous
14,N4,PK*(Mg*),1966,olsen P,89,mg/kg,2,continuous
14,N4,PK*(Mg*),1987,olsen P,87,mg/kg,3,continuous
14,N4,PK*(Mg*),1992,olsen P,97,mg/kg,4,continuous
14,N4,PK*(Mg*),1997,olsen P,90,mg/kg,4,continuous
14,N4,PK*(Mg*),2000,olsen P,87,mg/kg,4,continuous
14,N4,PK*(Mg*),2005,olsen P,85,mg/kg,4,continuous
14,N4,PK*(Mg*),2010,olsen P,95,mg/kg,4,continuous
14,N4,PK*(Mg*),2015,olsen P,93,mg/kg,4,continuous
15,N5  ,(P)KMg,1843,olsen P,10,mg/kg,,continuous
15,N5  ,(P)KMg,1881,olsen P,37,mg/kg,,continuous
15,N5  ,(P)KMg,1893,olsen P,42,mg/kg,,continuous
15,N5  ,(P)KMg,1914,olsen P,66,mg/kg,,continuous
15,N5  ,(P)KMg,1944,olsen P,66,mg/kg,,continuous
15,N5  ,(P)KMg,1966,olsen P,88,mg/kg,1,continuous
15,N5  ,(P)KMg,1966,olsen P,82,mg/kg,2,continuous
15,N5  ,(P)KMg,1987,olsen P,72,mg/kg,3,continuous
15,N5  ,(P)KMg,1992,olsen P,82,mg/kg,4,continuous
15,N5  ,(P)KMg,1997,olsen P,78,mg/kg,4,continuous
15,N5  ,(P)KMg,2000,olsen P,75,mg/kg,4,continuous
15,N5  ,(P)KMg,2005,olsen P,64,mg/kg,4,continuous
15,N5  ,(P)KMg,2010,olsen P,67,mg/kg,4,continuous
15,N5  ,(P)KMg,2015,olsen P,60,mg/kg,4,continuous
16,N6 ,(P)KMg,1843,olsen P,10,mg/kg,,continuous
16,N6 ,(P)KMg,1865,olsen P,31,mg/kg,,continuous
16,N6 ,(P)KMg,1881,olsen P,15,mg/kg,,continuous
16,N6 ,(P)KMg,1893,olsen P,18,mg/kg,,continuous
16,N6 ,(P)KMg,1914,olsen P,43,mg/kg,,continuous
16,N6 ,(P)KMg,1944,olsen P,58,mg/kg,,continuous
16,N6 ,(P)KMg,1966,olsen P,68,mg/kg,1,continuous
16,N6 ,(P)KMg,1966,olsen P,71,mg/kg,2,continuous
16,N6 ,(P)KMg,1987,olsen P,71,mg/kg,3,continuous
16,N6 ,(P)KMg,1992,olsen P,75,mg/kg,4,continuous
16,N6 ,(P)KMg,1997,olsen P,72,mg/kg,4,continuous
16,N6 ,(P)KMg,2000,olsen P,72,mg/kg,4,continuous
16,N6 ,(P)KMg,2005,olsen P,60,mg/kg,4,continuous
16,N6 ,(P)KMg,2010,olsen P,59,mg/kg,4,continuous
16,N6 ,(P)KMg,2015,olsen P,54,mg/kg,4,continuous
17,N1+4+1,PKMg,1843,olsen P,10,mg/kg,,continuous
17,N1+4+1,PKMg,1881,olsen P,na,mg/kg,,continuous
17,N1+4+1,PKMg,1893,olsen P,na,mg/kg,,continuous
17,N1+4+1,PKMg,1914,olsen P,na,mg/kg,,continuous
17,N1+4+1,PKMg,1944,olsen P,na,mg/kg,,continuous
17,N1+4+1,PKMg,1966,olsen P,44,mg/kg,1,continuous
17,N1+4+1,PKMg,1966,olsen P,48,mg/kg,2,continuous
17,N1+4+1,PKMg,1987,olsen P,28,mg/kg,3,continuous
17,N1+4+1,PKMg,1992,olsen P,35,mg/kg,4,continuous
17,N1+4+1,PKMg,1997,olsen P,32,mg/kg,4,continuous
17,N1+4+1,PKMg,2000,olsen P,32,mg/kg,4,continuous
17,N1+4+1,PKMg,2005,olsen P,38,mg/kg,4,continuous
17,N1+4+1,PKMg,2010,olsen P,46,mg/kg,4,continuous
17,N1+4+1,PKMg,2015,olsen P,46,mg/kg,4,continuous
18,N1+2+1,PKMg,1843,olsen P,10,mg/kg,,continuous
18,N1+2+1,PKMg,1881,olsen P,23,mg/kg,,continuous
18,N1+2+1,PKMg,1893,olsen P,27,mg/kg,,continuous
18,N1+2+1,PKMg,1914,olsen P,42,mg/kg,,continuous
18,N1+2+1,PKMg,1944,olsen P,44,mg/kg,,continuous
18,N1+2+1,PKMg,1966,olsen P,56,mg/kg,1,continuous
18,N1+2+1,PKMg,1966,olsen P,60,mg/kg,2,continuous
18,N1+2+1,PKMg,1987,olsen P,31,mg/kg,3,continuous
18,N1+2+1,PKMg,1992,olsen P,39,mg/kg,4,continuous
18,N1+2+1,PKMg,1997,olsen P,37,mg/kg,4,continuous
18,N1+2+1,PKMg,2000,olsen P,36,mg/kg,4,continuous
18,N1+2+1,PKMg,2005,olsen P,41,mg/kg,4,continuous
18,N1+2+1,PKMg,2010,olsen P,51,mg/kg,4,continuous
18,N1+2+1,PKMg,2015,olsen P,52,mg/kg,4,continuous
19,N1+1+1,KMg,1843,olsen P,10,mg/kg,,continuous
19,N1+1+1,KMg,1881,olsen P,na,mg/kg,,continuous
19,N1+1+1,KMg,1893,olsen P,na,mg/kg,,continuous
19,N1+1+1,KMg,1914,olsen P,25,mg/kg,,continuous
19,N1+1+1,KMg,1944,olsen P,28,mg/kg,,continuous
19,N1+1+1,KMg,1966,olsen P,47,mg/kg,1,continuous
19,N1+1+1,KMg,1966,olsen P,54,mg/kg,2,continuous
19,N1+1+1,KMg,1987,olsen P,26,mg/kg,3,continuous
19,N1+1+1,KMg,1992,olsen P,29,mg/kg,4,continuous
19,N1+1+1,KMg,1997,olsen P,25,mg/kg,4,continuous
19,N1+1+1,KMg,2000,olsen P,23,mg/kg,4,continuous
19,N1+1+1,KMg,2005,olsen P,20,mg/kg,4,continuous
19,N1+1+1,KMg,2010,olsen P,21,mg/kg,4,continuous
19,N1+1+1,KMg,2015,olsen P,21,mg/kg,4,continuous
20,N4,KMg,1843,olsen P,10,mg/kg,,continuous
20,N4,KMg,1881,olsen P,na,mg/kg,,continuous
20,N4,KMg,1893,olsen P,na,mg/kg,,continuous
20,N4,KMg,1914,olsen P,na,mg/kg,,continuous
20,N4,KMg,1944,olsen P,na,mg/kg,,continuous
20,N4,KMg,1966,olsen P,6,mg/kg,1,continuous
20,N4,KMg,1966,olsen P,5,mg/kg,2,continuous
20,N4,KMg,1987,olsen P,1,mg/kg,3,continuous
20,N4,KMg,1992,olsen P,4,mg/kg,4,continuous
20,N4,KMg,1997,olsen P,2,mg/kg,4,continuous
20,N4,KMg,2000,olsen P,2,mg/kg,4,continuous
20,N4,KMg,2005,olsen P,3,mg/kg,4,continuous
20,N4,KMg,2010,olsen P,3,mg/kg,4,continuous
20,N4,KMg,2015,olsen P,5,mg/kg,4,continuous
2.2,N0,FYM,1843,olsen P,10,mg/kg,,continuous
2.2,N0,FYM,1865,olsen P,40,mg/kg,,continuous
2.2,N0,FYM,1881,olsen P,52,mg/kg,,continuous
2.2,N0,FYM,1893,olsen P,59,mg/kg,,continuous
2.2,N0,FYM,1914,olsen P,104,mg/kg,,continuous
2.2,N0,FYM,1936,olsen P,107,mg/kg,,continuous
2.2,N0,FYM,1944,olsen P,112,mg/kg,,continuous
2.2,N0,FYM,1966,olsen P,99,mg/kg,1,continuous
2.2,N0,FYM,1966,olsen P,95,mg/kg,2,continuous
2.2,N0,FYM,1987,olsen P,95,mg/kg,3,continuous
2.2,N0,FYM,1992,olsen P,97,mg/kg,4,continuous
2.2,N0,FYM,1997,olsen P,96,mg/kg,4,continuous
2.2,N0,FYM,2000,olsen P,94,mg/kg,4,continuous
2.2,N0,FYM,2005,olsen P,107,mg/kg,4,continuous
2.2,N0,FYM,2010,olsen P,111,mg/kg,4,continuous
2.2,N0,FYM,2015,olsen P,120,mg/kg,4,continuous
2.1,N3,FYM ,1843,olsen P, -,mg/kg,,continuous
2.1,N3,FYM ,1865,olsen P,ns,mg/kg,,continuous
2.1,N3,FYM ,1881,olsen P,ns,mg/kg,,continuous
2.1,N3,FYM ,1893,olsen P,33,mg/kg,,continuous
2.1,N3,FYM ,1914,olsen P,74,mg/kg,,continuous
2.1,N3,FYM ,1936,olsen P,95,mg/kg,,continuous
2.1,N3,FYM ,1944,olsen P,95,mg/kg,,continuous
2.1,N3,FYM ,1966,olsen P,78,mg/kg,1,continuous
2.1,N3,FYM ,1966,olsen P,78,mg/kg,2,continuous
2.1,N3,FYM ,1987,olsen P,52,mg/kg,3,continuous
2.1,N3,FYM ,1992,olsen P,83,mg/kg,4,continuous
2.1,N3,FYM ,1997,olsen P,75,mg/kg,4,continuous
2.1,N3,FYM ,2000,olsen P,70,mg/kg,4,continuous
2.1,N3,FYM ,2005,olsen P,80,mg/kg,4,continuous
2.1,N3,FYM ,2010,olsen P,83,mg/kg,4,continuous
2.1,N3,FYM ,2015,olsen P,80,mg/kg,4,continuous
1,N4,(FYM) ,1843,olsen P, -,mg/kg,,continuous
1,N4,(FYM) ,1865,olsen P,ns,mg/kg,,continuous
1,N4,(FYM) ,1881,olsen P,ns,mg/kg,,continuous
1,N4,(FYM) ,1893,olsen P,ns,mg/kg,,continuous
1,N4,(FYM) ,1914,olsen P,ns,mg/kg,,continuous
1,N4,(FYM) ,1936,olsen P,ns,mg/kg,,continuous
1,N4,(FYM) ,1944,olsen P,ns,mg/kg,,continuous
1,N4,(FYM) ,1966,olsen P,ns,mg/kg,1,continuous
1,N4,(FYM) ,1966,olsen P,10,mg/kg,2,continuous
1,N4,(FYM) ,1987,olsen P,ns,mg/kg,3,continuous
1,N4,(FYM) ,1992,olsen P,104,mg/kg,4,continuous
1,N4,(FYM) ,1997,olsen P,106,mg/kg,4,continuous
1,N4,(FYM) ,2000,olsen P,107,mg/kg,4,continuous
1,N4,(FYM) ,2005,olsen P,92,mg/kg,4,continuous
1,N4,(FYM) ,2010,olsen P,80,mg/kg,4,continuous
1,N4,(FYM) ,2015,olsen P,70,mg/kg,4,continuous
3,N0,Nil,1966,Olsen P,8,mg/kg,10,rotation
3,N0,Nil,1987,Olsen P,8,mg/kg,5,rotation
3,N0,Nil,1994,Olsen P,9,mg/kg,6,rotation
3,N0,Nil,2000,Olsen P,10,mg/kg,7,rotation
3,N0,Nil,2005,Olsen P,10,mg/kg,8,rotation
3,N0,Nil,2010,Olsen P,12,mg/kg,9,rotation
3,N0,Nil,2015,Olsen P,12.75,mg/kg,11,rotation
5,N0,(P)KMg,1966,Olsen P,85,mg/kg,10,rotation
5,N0,(P)KMg,1987,Olsen P,80,mg/kg,5,rotation
5,N0,(P)KMg,1994,Olsen P,82,mg/kg,6,rotation
5,N0,(P)KMg,2000,Olsen P,86,mg/kg,7,rotation
5,N0,(P)KMg,2005,Olsen P,80,mg/kg,8,rotation
5,N0,(P)KMg,2010,Olsen P,72,mg/kg,9,rotation
5,N0,(P)KMg,2015,Olsen P,70.25,mg/kg,11,rotation
6,N1 ,(P)KMg,1966,Olsen P,94,mg/kg,10,rotation
6,N1 ,(P)KMg,1987,Olsen P,89,mg/kg,5,rotation
6,N1 ,(P)KMg,1994,Olsen P,87,mg/kg,6,rotation
6,N1 ,(P)KMg,2000,Olsen P,92,mg/kg,7,rotation
6,N1 ,(P)KMg,2005,Olsen P,84,mg/kg,8,rotation
6,N1 ,(P)KMg,2010,Olsen P,74,mg/kg,9,rotation
6,N1 ,(P)KMg,2015,Olsen P,73.25,mg/kg,11,rotation
7,N2 ,(P)KMg,1966,Olsen P,87,mg/kg,10,rotation
7,N2 ,(P)KMg,1987,Olsen P,86,mg/kg,5,rotation
7,N2 ,(P)KMg,1994,Olsen P,86,mg/kg,6,rotation
7,N2 ,(P)KMg,2000,Olsen P,85,mg/kg,7,rotation
7,N2 ,(P)KMg,2005,Olsen P,79,mg/kg,8,rotation
7,N2 ,(P)KMg,2010,Olsen P,70,mg/kg,9,rotation
7,N2 ,(P)KMg,2015,Olsen P,68.5,mg/kg,11,rotation
8,N3 ,(P)KMg,1966,Olsen P,80,mg/kg,10,rotation
8,N3 ,(P)KMg,1987,Olsen P,79,mg/kg,5,rotation
8,N3 ,(P)KMg,1994,Olsen P,79,mg/kg,6,rotation
8,N3 ,(P)KMg,2000,Olsen P,76,mg/kg,7,rotation
8,N3 ,(P)KMg,2005,Olsen P,67,mg/kg,8,rotation
8,N3 ,(P)KMg,2010,Olsen P,61,mg/kg,9,rotation
8,N3 ,(P)KMg,2015,Olsen P,60.75,mg/kg,11,rotation
9,N4 ,(P)KMg,1966,Olsen P,79,mg/kg,10,rotation
9,N4 ,(P)KMg,1987,Olsen P,72,mg/kg,5,rotation
9,N4 ,(P)KMg,1994,Olsen P,80,mg/kg,6,rotation
9,N4 ,(P)KMg,2000,Olsen P,75,mg/kg,7,rotation
9,N4 ,(P)KMg,2005,Olsen P,68,mg/kg,8,rotation
9,N4 ,(P)KMg,2010,Olsen P,59,mg/kg,9,rotation
9,N4 ,(P)KMg,2015,Olsen P,56.25,mg/kg,11,rotation
10,N4,,1966,Olsen P,8,mg/kg,10,rotation
10,N4,,1987,Olsen P,7,mg/kg,5,rotation
10,N4,,1994,Olsen P,7,mg/kg,6,rotation
10,N4,,2000,Olsen P,6,mg/kg,7,rotation
10,N4,,2005,Olsen P,6,mg/kg,8,rotation
10,N4,,2010,Olsen P,7,mg/kg,9,rotation
10,N4,,2015,Olsen P,8.25,mg/kg,11,rotation
11,N4  ,P Mg,1966,Olsen P,77,mg/kg,10,rotation
11,N4  ,P Mg,1987,Olsen P,84,mg/kg,5,rotation
11,N4  ,P Mg,1994,Olsen P,89,mg/kg,6,rotation
11,N4  ,P Mg,2000,Olsen P,87,mg/kg,7,rotation
11,N4  ,P Mg,2005,Olsen P,85,mg/kg,8,rotation
11,N4  ,P Mg,2010,Olsen P,83,mg/kg,9,rotation
11,N4  ,P Mg,2015,Olsen P,89.5,mg/kg,11,rotation
12,N1+3+1,(P)KMg,1966,Olsen P,81,mg/kg,10,rotation
12,N1+3+1,(P)KMg,1987,Olsen P,90,mg/kg,5,rotation
12,N1+3+1,(P)KMg,1994,Olsen P,88,mg/kg,6,rotation
12,N1+3+1,(P)KMg,2000,Olsen P,87,mg/kg,7,rotation
12,N1+3+1,(P)KMg,2005,Olsen P,72,mg/kg,8,rotation
12,N1+3+1,(P)KMg,2010,Olsen P,68,mg/kg,9,rotation
12,N1+3+1,(P)KMg,2015,Olsen P,66.5,mg/kg,11,rotation
13,N4  ,PK,1966,Olsen P,81,mg/kg,10,rotation
13,N4  ,PK,1987,Olsen P,91,mg/kg,5,rotation
13,N4  ,PK,1994,Olsen P,90,mg/kg,6,rotation
13,N4  ,PK,2000,Olsen P,88,mg/kg,7,rotation
13,N4  ,PK,2005,Olsen P,91,mg/kg,8,rotation
13,N4  ,PK,2010,Olsen P,88,mg/kg,9,rotation
13,N4  ,PK,2015,Olsen P,92,mg/kg,11,rotation
14,N4,PK*(Mg*),1966,Olsen P,87,mg/kg,10,rotation
14,N4,PK*(Mg*),1987,Olsen P,91,mg/kg,5,rotation
14,N4,PK*(Mg*),1994,Olsen P,92,mg/kg,6,rotation
14,N4,PK*(Mg*),2000,Olsen P,91,mg/kg,7,rotation
14,N4,PK*(Mg*),2005,Olsen P,90,mg/kg,8,rotation
14,N4,PK*(Mg*),2010,Olsen P,90,mg/kg,9,rotation
14,N4,PK*(Mg*),2015,Olsen P,96,mg/kg,11,rotation
15,N5  ,(P)KMg,1966,Olsen P,92,mg/kg,10,rotation
15,N5  ,(P)KMg,1987,Olsen P,86,mg/kg,5,rotation
15,N5  ,(P)KMg,1994,Olsen P,85,mg/kg,6,rotation
15,N5  ,(P)KMg,2000,Olsen P,78,mg/kg,7,rotation
15,N5  ,(P)KMg,2005,Olsen P,70,mg/kg,8,rotation
15,N5  ,(P)KMg,2010,Olsen P,64,mg/kg,9,rotation
15,N5  ,(P)KMg,2015,Olsen P,64,mg/kg,11,rotation
16,N6 ,(P)KMg,1966,Olsen P,67,mg/kg,10,rotation
16,N6 ,(P)KMg,1987,Olsen P,77,mg/kg,5,rotation
16,N6 ,(P)KMg,1994,Olsen P,76,mg/kg,6,rotation
16,N6 ,(P)KMg,2000,Olsen P,73,mg/kg,7,rotation
16,N6 ,(P)KMg,2005,Olsen P,65,mg/kg,8,rotation
16,N6 ,(P)KMg,2010,Olsen P,58,mg/kg,9,rotation
16,N6 ,(P)KMg,2015,Olsen P,55.5,mg/kg,11,rotation
17,N1+4+1,PKMg,1966,Olsen P,43,mg/kg,10,rotation
17,N1+4+1,PKMg,1987,Olsen P,40,mg/kg,5,rotation
17,N1+4+1,PKMg,1994,Olsen P,44,mg/kg,6,rotation
17,N1+4+1,PKMg,2000,Olsen P,35,mg/kg,7,rotation
17,N1+4+1,PKMg,2005,Olsen P,44,mg/kg,8,rotation
17,N1+4+1,PKMg,2010,Olsen P,43,mg/kg,9,rotation
17,N1+4+1,PKMg,2015,Olsen P,49.75,mg/kg,11,rotation
18,N1+2+1,PKMg,1966,Olsen P,55,mg/kg,10,rotation
18,N1+2+1,PKMg,1987,Olsen P,41,mg/kg,5,rotation
18,N1+2+1,PKMg,1994,Olsen P,41,mg/kg,6,rotation
18,N1+2+1,PKMg,2000,Olsen P,39,mg/kg,7,rotation
18,N1+2+1,PKMg,2005,Olsen P,45,mg/kg,8,rotation
18,N1+2+1,PKMg,2010,Olsen P,48,mg/kg,9,rotation
18,N1+2+1,PKMg,2015,Olsen P,52.5,mg/kg,11,rotation
19,N1+1+1,KMg,1966,Olsen P,44,mg/kg,10,rotation
19,N1+1+1,KMg,1987,Olsen P,27,mg/kg,5,rotation
19,N1+1+1,KMg,1994,Olsen P,24,mg/kg,6,rotation
19,N1+1+1,KMg,2000,Olsen P,22,mg/kg,7,rotation
19,N1+1+1,KMg,2005,Olsen P,20,mg/kg,8,rotation
19,N1+1+1,KMg,2010,Olsen P,18,mg/kg,9,rotation
19,N1+1+1,KMg,2015,Olsen P,18.5,mg/kg,11,rotation
2.2,N0,FYM,1966,Olsen P,102,mg/kg,10,rotation
2.2,N0,FYM,1987,Olsen P,105,mg/kg,5,rotation
2.2,N0,FYM,1994,Olsen P,111,mg/kg,6,rotation
2.2,N0,FYM,2000,Olsen P,99,mg/kg,7,rotation
2.2,N0,FYM,2005,Olsen P,109,mg/kg,8,rotation
2.2,N0,FYM,2010,Olsen P,107,mg/kg,9,rotation
2.2,N0,FYM,2015,Olsen P,107,mg/kg,11,rotation
2.1,N3,FYM ,1966,Olsen P,83,mg/kg,10,rotation
2.1,N3,FYM ,1987,Olsen P,92,mg/kg,5,rotation
2.1,N3,FYM ,1994,Olsen P,93,mg/kg,6,rotation
2.1,N3,FYM ,2000,Olsen P,88,mg/kg,7,rotation
2.1,N3,FYM ,2005,Olsen P,96,mg/kg,8,rotation
2.1,N3,FYM ,2010,Olsen P,86,mg/kg,9,rotation
2.1,N3,FYM ,2015,Olsen P,90,mg/kg,11,rotation
1,N4,(FYM) ,1966,Olsen P,8,mg/kg,10,rotation
1,N4,(FYM) ,1987,Olsen P,87,mg/kg,5,rotation
1,N4,(FYM) ,1994,Olsen P,100,mg/kg,6,rotation
1,N4,(FYM) ,2000,Olsen P,102,mg/kg,7,rotation
1,N4,(FYM) ,2005,Olsen P,89,mg/kg,8,rotation
1,N4,(FYM) ,2010,Olsen P,75,mg/kg,9,rotation
1,N4,(FYM) ,2015,Olsen P,70,mg/kg,11,rotation
