{"profile": "tabular-data-package", "resources": [{"path": "data\\broadbalkNitrateLeaching.csv", "profile": "tabular-data-resource", "name": "broadbalkNitrateLeaching", "format": "csv", "mediatype": "text/csv", "encoding": "utf-8", "schema": {"fields": [{"name": "season", "type": "string", "format": "default", "description": "Season"}, {"name": "Strip", "type": "string", "format": "default", "description": "Strip is the section 9 plot"}, {"name": "Fertilizer", "type": "string", "format": "default", "description": "Fertilisers regime"}, {"name": "kgN/ha/yr", "type": "text", "format": "default", "description": "N rate"}, {"name": "FYM t/ha/yr", "type": "number", "format": "default", "description": "Farmyard manure rate"}, {"name": "1990-91", "type": "string", "format": "default", "description": "N leached KgN/ha"}, {"name": "Rainfall (mm)", "type": "number", "format": "default", "description": "Rainfall in mm"}, {"name": "Rainfall diff", "type": "number", "format": "default", "description": "Rainfall difference from 30 year mean."}, {"name": "Through drainage", "type": "number", "format": "default", "description": "through drainage"}, {"name": "drainage diff", "type": "number", "format": "default", "description": "through drainage difference from 30 year mean."}, {"name": "", "type": "string", "format": "default"}, {"name": "", "type": "string", "format": "default"}, {"name": "", "type": "string", "format": "default"}, {"name": "", "type": "string", "format": "default"}, {"name": "", "type": "string", "format": "default"}, {"name": "", "type": "string", "format": "default"}, {"name": "", "type": "string", "format": "default"}, {"name": "", "type": "string", "format": "default"}, {"name": "", "type": "string", "format": "default"}, {"name": "", "type": "string", "format": "default"}, {"name": "", "type": "string", "format": "default"}, {"name": "", "type": "string", "format": "default"}], "missingValues": [""]}}], "description": "Broadbalk nitrate leaching data for section 9, continuous wheat, 1990-1998. Data not available for other sections but we assume losses would be similar. Nitrate leaching is dependent on the CONCENTRATION of nitrate in soil water and THROUGH DRAINAGE. EU limit on nitrate in drinking water is 11.3 mg NO3-N per litre. Wet years - more leaching but lower concentration. Dry years - even plot given no fertilizer N can exceed EU limit Small amounts of N fertilizer are used very efficiently and increase yields. Between 150 and 200 kgN/ha are required for optium yields. The optimum depends on the weather, soil type, crop and disease. Less than 10%  of fertilizer N is leached. Nitrate losses increase with the amount of fertilizer N applied, especially above the economic optimum. There are larger losses from the FYM plots which contain much more soil N. This is mineralized, when the soils are warm and wet, and often when the crop is not taking it up. More mineralized N = greater losses. Plots given no fertilizer N still loose N by nitrate leaching, due to mineralization of soil N and atmospheric N.", "version": "1.0", "licenses": [{"name": "CC-BY-4.0", "path": "https://creativecommons.org/licenses/by/4.0/", "title": "Creative Commons Attribution 4.0 International"}], "publishers": [{"name": "Rothamsted Research"}], "maintainers": [{"name": "Richard Ostler", "email": "richard.ostler@rothamsted.ac.uk"}], "contributors": [{"name": "Margaret Glending", "email": "margaret.glendining@rothamsted.ac.uk"}], "sources": [{"name": "Rothamsted electronic archive (e-RA)", "web": "http://www.era.rothamsted.ac.uk/Broadbalk"}], "latitude": "51.809450", "longitude": "-0.372898", "altitude": "130", "startYear": "1843", "endYear": "2018", "notes": [{"noteId": "10", "note": "Plots given FYM since med 19th century contain 2.7% organic C, 0.27% total N. "}, {"noteId": "", "note": "Plots given no manure contain about 1% organic carbon, 0.1% total N, 0-1.7% free CaCO3, pH 7.5-8.0."}, {"noteId": "", "note": "ND = not determined"}, {"noteId": "", "note": "Broadbalk soil is clay loam to silty clay loam, over clay with flints. 18-27% clay. Chalk at 2m or more. "}, {"noteId": "", "note": "Site freely draining with no slope ."}], "techicalInfo": [{"method": "The calculations assume that 20% of the total is leached through the drains and 80% to groundwater"}], "reference": "Goulding, K. W. T. , Poulton, P. R. , Webster, C. P. and Howe, M. T. (2000) Nitrate leaching from the Broadbalk Wheat Experiment, Rothamsted, UK, as influenced by fertilizer and manure inputs and the weather, Soil Use and Management, 16, (4), 244-250"}