ID,experiment,year,startDate,endDate,plot,section,operationType,operation
394,R/BK/1,1968,19-Sep-67,,"Plots 1, 3",all sections,tillage process,ploughed
395,R/BK/1,1968,20-Sep-67,,,all sections,tillage process,remaining plots ploughed
396,R/BK/1,1968,28-May-68,,,fallow sections,tillage process,ploughed
397,R/BK/1,1968,05-Aug-68,,,fallow sections,tillage process,ploughed
410,R/BK/1,1968,20-May-68,,,potatoes,harvesting process,grubbed
411,R/BK/1,1968,28-May-68,,,potatoes,tillage process,rotary ridged
412,R/BK/1,1968,19-Jun-68,,,potatoes,tillage process,grubbed
413,R/BK/1,1968,19-Jun-68,,,potatoes,tillage process,rotary ridged
414,R/BK/1,1968,13-Sep-68,,,potatoes,haulm destruction process,Haulm mechanically destroyed
415,R/BK/1,1968,19-Sep-68,,,potatoes,harvesting process,lifted
416,R/BK/1,1968,21-Sep-67,,,section 00,tillage process,rotary cultivated
417,R/BK/1,1968,25-Aug-68,,,section 00,harvesting process,combine harvested
418,R/BK/1,1968,06-Sep-68,,,spring beans,harvesting process,combine harvested
419,R/BK/1,1968,26-Aug-68,,,winter wheat,harvesting process,combine harvested
425,R/BK/1,1969,18-Jun-69,,,potatoes,harvesting process,grubbed
426,R/BK/1,1969,23-Jun-69,,,potatoes,tillage process,rotary ridged
427,R/BK/1,1969,20-Sep-69,,,potatoes,haulm destruction process,"Haulm destroyed mechanically (except treatments N2, NOP, NOPNa, R, where Haulm disced early)"
428,R/BK/1,1969,25-Sep-69,,,potatoes,harvesting process,lifted
429,R/BK/1,1969,10-Sep-69,,,spring beans,harvesting process,combine harvested
431,R/BK/1,1969,01-Oct-68,05/10/1968,,all sections,tillage process,ploughed
432,R/BK/1,1969,13-May-69,,,fallow sections,tillage process,ploughed
433,R/BK/1,1969,08-Jul-69,,,fallow sections,tillage process,ploughed
441,R/BK/1,1969,21-Aug-69,,section 00,winter wheat,harvesting process,harvested
442,R/BK/1,1969,29-Aug-69,,,winter wheat,harvesting process,combine harvested
443,R/BK/1,1970,01-Oct-69,,plot 01,all sections,tillage process,shallow rotary cultivated to incorporate fertiliser
444,R/BK/1,1970,02-Oct-69,04/10/1969,,all sections,tillage process,ploughed
445,R/BK/1,1970,12-Sep-69,,,fallow sections,tillage process,rotary cultivated
446,R/BK/1,1970,20-May-70,,,fallow sections,tillage process,ploughed
447,R/BK/1,1970,09-Jul-70,,,fallow sections,tillage process,ploughed
460,R/BK/1,1970,12-Sep-69,,,potatoes,tillage process,rotary cultivated
461,R/BK/1,1970,30-Apr-70,,,potatoes,tillage process,rotary cultivated
462,R/BK/1,1970,30-Jun-70,,"except 1, 21, 22, 7, 8, 9, 13, 15",potatoes,tillage process,grubbed
463,R/BK/1,1970,30-Jun-70,,"except 1, 21, 22, 7, 8, 9, 13, 15",potatoes,tillage process,rotary ridged
464,R/BK/1,1970,15-Sep-70,,,potatoes,harvesting process,lifted
465,R/BK/1,1970,02-Sep-69,,,spring beans,harvesting process,combine harvested
467,R/BK/1,1970,12-Sep-69,,,winter wheat,tillage process,rotary cultivated
468,R/BK/1,1970,13-Oct-69,,,winter wheat,tillage process,"all plots rotary cultivated second time. plots 15, 16, 17, 18 & 19, sections 0 and 1 rotary cultivated third time"
469,R/BK/1,1970,27-Aug-70,,,winter wheat,harvesting process,combine harvested
470,R/BK/1,1971,21-Sep-70,23/09/1970,,all plots,tillage process,ploughed
471,R/BK/1,1971,19-Apr-71,,,fallow sections,tillage process,ploughed
480,R/BK/1,1971,02-Apr-71,,,potatoes,tillage process,rotary cultivated
481,R/BK/1,1971,03-Jun-71,,"Plots 01, 21, 22",potatoes,harvesting process,grubbed
482,R/BK/1,1971,04-Jun-71,,,potatoes,tillage process,rotary ridged
483,R/BK/1,1971,05-Jun-71,,,potatoes,harvesting process,remaining plots grubbed
484,R/BK/1,1971,10-Jun-71,,,potatoes,tillage process,rotary ridged
485,R/BK/1,1971,14-Sep-71,,,potatoes,harvesting process,lifted
486,R/BK/1,1971,26-Sep-71,08/09/1971,,potatoes,haulm destruction process,Haulm mechanically destroyed
487,R/BK/1,1971,02-Sep-70,,,spring beans,harvesting process,combine harvested
489,R/BK/1,1971,28-Jul-71,,"Plot 19, section 8",winter wheat,harvesting process,"cut green, all produce removed (because of excessive seed infestation)"
490,R/BK/1,1971,28-Jul-71,,"Plot 19, section 8",winter wheat,tillage process,deep-tine cultivated
491,R/BK/1,1971,27-Aug-71,,,winter wheat,harvesting process,combine harvested
492,R/BK/1,1972,30-Sep-71,,,all plots,tillage process,ploughed
493,R/BK/1,1972,12-May-72,14/05/1972,,fallow sections,tillage process,ploughed
494,R/BK/1,1972,10-Jul-72,,,fallow sections,tillage process,ploughed
508,R/BK/1,1972,19-Apr-72,,,potatoes,tillage process,rotary cultivated
509,R/BK/1,1972,14-Jun-72,,,potatoes,harvesting process,grubbed
510,R/BK/1,1972,15-Jun-72,24/06/1972,,potatoes,tillage process,rotary ridged
511,R/BK/1,1972,28-Sep-72,,,potatoes,harvesting process,lifted
512,R/BK/1,1972,27-Sep-71,,,spring beans,harvesting process,combine harvested
514,R/BK/1,1972,01-Sep-72,,,winter wheat,harvesting process,combine harvested
515,R/BK/1,1973,10-Oct-72,11/10/1972,,all sections,tillage process,ploughed
516,R/BK/1,1973,16-May-73,,,fallow sections,tillage process,ploughed
517,R/BK/1,1973,09-Jul-73,,,fallow sections,tillage process,ploughed
518,R/BK/1,1973,31-Aug-73,,,potatoes,haulm destruction process,Haulm mechanically destroyed
519,R/BK/1,1973,31-Aug-73,,,potatoes,haulm destruction process,Haulm mechanically destroyed
520,R/BK/1,1973,25-Sep-73,,,potatoes,harvesting process,lifted
521,R/BK/1,1973,03-Sep-73,,,spring beans,harvesting process,combine harvested
522,R/BK/1,1973,20-Aug-73,,,winter wheat,harvesting process,combine harvested
523,R/BK/1,1974,10-Oct-73,,,all sections,tillage process,ploughed
524,R/BK/1,1974,11-Apr-74,,,fallow sections,tillage process,springtine cultivated
525,R/BK/1,1974,07-May-74,,,fallow sections,tillage process,ploughed
526,R/BK/1,1974,09-Jul-74,,,fallow sections,tillage process,springtine cultivated
527,R/BK/1,1974,22-Jul-74,,,fallow sections,tillage process,ploughed
528,R/BK/1,1974,08-Aug-74,,,fallow sections,tillage process,springtine cultivated
529,R/BK/1,1974,11-Apr-74,,,potatoes,tillage process,springtine cultivated
530,R/BK/1,1974,17-Apr-74,,,potatoes,tillage process,rotary cultivated
531,R/BK/1,1974,19-Jun-74,,,potatoes,harvesting process,grubbed
532,R/BK/1,1974,22-Jun-74,,"plots 01, 21, 22",potatoes,tillage process,rotary ridged
533,R/BK/1,1974,24-Jun-74,,"plots 6, 7, 8, 9, 13, 14, 15, 16, 17, 18, 19",potatoes,tillage process,rotary ridged
534,R/BK/1,1974,10-Jul-74,,"plots 3, 5, 10, 11, 12",potatoes,tillage process,rotary ridged
535,R/BK/1,1974,10-Sep-74,,,potatoes,haulm destruction process,Haulm mechanically destroyed
536,R/BK/1,1974,10-Oct-74,,,potatoes,harvesting process,lifted
537,R/BK/1,1974,14-Oct-74,,,potatoes,harvesting process,lifted
538,R/BK/1,1974,26-Sep-74,,,spring beans,harvesting process,combine harvested
539,R/BK/1,1974,27-Sep-73,,,spring beans,tillage process,springtine cultivated
540,R/BK/1,1974,09-Mar-74,,,spring beans,tillage process,springtine cultivated
541,R/BK/1,1974,27-Mar-74,,,spring beans,tillage process,power harrowed
542,R/BK/1,1974,27-Mar-74,,,spring beans,tillage process,springtine cultivated
543,R/BK/1,1974,13-Oct-73,,,winter wheat,tillage process,disced
544,R/BK/1,1974,18-Oct-73,,,winter wheat,tillage process,power harrowed
545,R/BK/1,1974,29-Aug-74,,,winter wheat,harvesting process,combine harvested
546,R/BK/1,1975,25-Oct-74,,plots 3-20,all sections,tillage process,ploughed
547,R/BK/1,1975,05-Nov-74,,"plots 01, 21, 22",all sections,tillage process,ploughed
548,R/BK/1,1975,01-May-75,,,fallow sections,tillage process,springtine cultivated
549,R/BK/1,1975,16-May-75,,,fallow sections,tillage process,ploughed
550,R/BK/1,1975,27-May-75,,,fallow sections,tillage process,springtine cultivated
551,R/BK/1,1975,15-Jul-75,,,fallow sections,tillage process,ploughed
552,R/BK/1,1975,06-Nov-74,,,potatoes,tillage process,rotary harrowed
553,R/BK/1,1975,01-May-75,,,potatoes,tillage process,springtine cultivated
554,R/BK/1,1975,07-May-75,,,potatoes,tillage process,spiked rotary cultivated
555,R/BK/1,1975,12-May-75,,,potatoes,harvesting process,grubbed
556,R/BK/1,1975,27-Jun-75,,,potatoes,harvesting process,grubbed
557,R/BK/1,1975,18-Jul-75,,,potatoes,tillage process,rotary cultivated
558,R/BK/1,1975,16-Sep-75,,plot 014,potatoes,haulm destruction process,Haulm mechanically destroyed
559,R/BK/1,1975,19-Sep-75,,,potatoes,haulm destruction process,Haulm mechanically destroyed on remaining plots
560,R/BK/1,1975,19-Sep-75,,,potatoes,harvesting process,lifted
561,R/BK/1,1975,25-Mar-75,,,spring beans,tillage process,rotary cultivated
562,R/BK/1,1975,25-Mar-75,,,spring beans,tillage process,springtine cultivated
563,R/BK/1,1975,21-May-75,,,spring beans,mechanical pest destruction process,Tractor hoed twice
564,R/BK/1,1975,24-Jun-75,,,spring beans,mechanical pest destruction process,Tractor hoed once
565,R/BK/1,1975,29-Aug-75,,,spring beans,harvesting process,combine harvested
566,R/BK/1,1975,06-Nov-74,,,winter wheat,tillage process,rotary harrowed
567,R/BK/1,1975,13-Aug-75,,,winter wheat,harvesting process,combine harvested
568,R/BK/1,1976,11-Oct-75,,,all sections,tillage process,ploughed
569,R/BK/1,1976,09-Dec-75,,,fallow sections,tillage process,deep-tine cultivated
570,R/BK/1,1976,22-Mar-76,,,fallow sections,tillage process,springtine cultivated
571,R/BK/1,1976,20-Apr-76,,,fallow sections,tillage process,heavy springtine cultivated
572,R/BK/1,1976,02-Jun-76,,,fallow sections,tillage process,ploughed
573,R/BK/1,1976,11-Jun-76,,,fallow sections,tillage process,heavy springtine cultivated
574,R/BK/1,1976,08-Jul-76,,,fallow sections,tillage process,ploughed
575,R/BK/1,1976,20-Jul-76,,,fallow sections,tillage process,springtine cultivated
576,R/BK/1,1976,09-Dec-75,,,potatoes,tillage process,deep-tine cultivated
577,R/BK/1,1976,22-Mar-76,,,potatoes,tillage process,springtine cultivated
578,R/BK/1,1976,29-Mar-76,,,potatoes,tillage process,rotary cultivated
579,R/BK/1,1976,30-Mar-76,,,potatoes,harvesting process,grubbed
580,R/BK/1,1976,21-Jun-76,,,potatoes,tillage process,grubbed
581,R/BK/1,1976,21-Jun-76,,,potatoes,tillage process,rotary ridged
582,R/BK/1,1976,13-Sep-76,,,potatoes,haulm destruction process,Haulm mechanically destroyed
583,R/BK/1,1976,24-Sep-76,,,potatoes,harvesting process,lifted
584,R/BK/1,1976,09-Dec-75,,,spring beans,tillage process,deep-tine cultivated
585,R/BK/1,1976,05-Mar-76,,,spring beans,tillage process,heavy springtine cultivated
586,R/BK/1,1976,27-Apr-76,,,spring beans,mechanical pest destruction process,Tractor hoed
587,R/BK/1,1976,25-May-76,,,spring beans,mechanical pest destruction process,Tractor hoed
588,R/BK/1,1976,20-Jul-76,,,spring beans,harvesting process,combine harvested
589,R/BK/1,1976,14-Oct-75,,"sections 5, 6, 7, 8, 9",winter wheat,tillage process,rotary harrowed
590,R/BK/1,1976,14-Oct-75,,"sections 0, 1",winter wheat,tillage process,springtine cultivated
591,R/BK/1,1976,14-Oct-75,,"sections 0, 1",winter wheat,tillage process,rotary harrowed
592,R/BK/1,1976,30-Jul-76,,,winter wheat,harvesting process,combine harvested
593,R/BK/1,1977,11-Oct-76,13/10/1976,,all sections,tillage process,ploughed
594,R/BK/1,1977,29-Apr-77,,,fallow sections,tillage process,springtine cultivated
595,R/BK/1,1977,25-May-77,,,fallow sections,tillage process,ploughed
596,R/BK/1,1977,20-Jul-77,,,fallow sections,tillage process,ploughed
597,R/BK/1,1977,11-Aug-77,,,fallow sections,tillage process,springtine cultivated
598,R/BK/1,1977,18-Apr-77,,,potatoes,tillage process,springtine cultivated
599,R/BK/1,1977,19-Apr-77,,,potatoes,tillage process,spiked rotary cultivated
600,R/BK/1,1977,21-Apr-77,,,potatoes,harvesting process,grubbed
601,R/BK/1,1977,21-Jun-77,,,potatoes,harvesting process,grubbed
602,R/BK/1,1977,30-Jun-77,,,potatoes,tillage process,remaining plots grubbed
603,R/BK/1,1977,30-Jun-77,,,potatoes,tillage process,remaining plots rotary ridged
604,R/BK/1,1977,14-Sep-77,,,potatoes,harvesting process,lifted
605,R/BK/1,1977,15-Sep-77,,,spring beans,harvesting process,combine harvested
606,R/BK/1,1977,09-Mar-77,,,spring beans,tillage process,rotary harrowed
607,R/BK/1,1977,18-May-77,,,spring beans,mechanical pest destruction process,Tractor hoed
608,R/BK/1,1977,08-Sep-77,,,winter wheat,harvesting process,combine harvested
609,R/BK/1,1977,03-Nov-76,,"sections 8, 9",winter wheat,tillage process,rotary harrowed
610,R/BK/1,1977,04-Nov-76,,"sections 0, 1",winter wheat,tillage process,rotary harrowed
611,R/BK/1,1977,04-Nov-76,,"sections 3, 4, 5",winter wheat,tillage process,heavy springtine cultivated
612,R/BK/1,1977,22-Nov-76,,"sections 3, 4, 5",winter wheat,tillage process,rotary harrowed
613,R/BK/1,1977,24-Nov-76,,,winter wheat,tillage process,seed sown
614,R/BK/1,1977,24-Nov-76,,,winter wheat,tillage process,springtine cultivated
615,R/BK/1,1978,28-Sep-77,,,all sections,tillage process,"subsoiled, tines 160 cm apart, 38 cm deep"
616,R/BK/1,1978,06-Oct-77,,,all sections,tillage process,ploughed
617,R/BK/1,1978,31-Mar-78,,,fallow sections,tillage process,heavy springtine cultivated
618,R/BK/1,1978,24-May-78,,,fallow sections,tillage process,ploughed
619,R/BK/1,1978,15-Jun-78,,,fallow sections,tillage process,heavy springtine cultivated
620,R/BK/1,1978,06-Jul-78,,,fallow sections,tillage process,ploughed
621,R/BK/1,1978,12-Jul-78,,,fallow sections,tillage process,springtine cultivated
622,R/BK/1,1978,31-Mar-78,,,potatoes,tillage process,heavy springtine cultivated
623,R/BK/1,1978,09-May-78,,,potatoes,tillage process,spiked rotary cultivated
624,R/BK/1,1978,26-Jun-78,,,potatoes,tillage process,grubbed
625,R/BK/1,1978,26-Jun-78,,,potatoes,tillage process,rotary ridged
626,R/BK/1,1978,07-Sep-78,,,potatoes,residue management process,Haulm pulverized
627,R/BK/1,1978,27-Sep-78,,,potatoes,harvesting process,lifted
628,R/BK/1,1978,22-Sep-78,,,spring beans,harvesting process,combine harvested
629,R/BK/1,1978,09-Mar-78,,,spring beans,tillage process,springtine cultivated
630,R/BK/1,1978,10-Mar-78,,,spring beans,tillage process,rotary harrowed
631,R/BK/1,1978,19-May-78,,,spring beans,mechanical pest destruction process,Tractor hoed twice
632,R/BK/1,1978,08-Jun-78,,,spring beans,mechanical pest destruction process,Tractor hoed twice
633,R/BK/1,1978,17-Oct-77,,,winter wheat,tillage process,rotary harrowed
634,R/BK/1,1978,29-Aug-78,,"sections 0, 1, 2, 3, 8, 9,",winter wheat,harvesting process,combine harvested
635,R/BK/1,1978,30-Aug-78,,section 6,winter wheat,harvesting process,combine harvested
636,R/BK/1,1979,05-Oct-78,,,all sections,tillage process,ploughed
637,R/BK/1,1979,09-Oct-78,,,cropped sections,tillage process,disced harrowed
638,R/BK/1,1979,09-Oct-78,,,cropped sections,tillage process,rotary harrowed
639,R/BK/1,1979,28-Aug-79,,,cropped sections,harvesting process,combine harvested
640,R/BK/1,1979,01-May-79,,,fallow sections,tillage process,springtine cultivated
641,R/BK/1,1979,23-May-79,,,fallow sections,tillage process,ploughed
642,R/BK/1,1979,14-Jun-79,,,fallow sections,tillage process,heavy springtine cultivated
643,R/BK/1,1979,10-Jul-79,,,fallow sections,tillage process,ploughed
644,R/BK/1,1979,31-Jul-79,,,fallow sections,tillage process,heavy springtine cultivated
645,R/BK/1,1979,18-May-79,,,potatoes,harvesting process,grubbed twice
646,R/BK/1,1979,03-Jul-79,,,potatoes,harvesting process,grubbed twice
647,R/BK/1,1979,04-Sep-79,,,potatoes,residue management process,Haulm pulverized
648,R/BK/1,1979,14-Sep-79,,,potatoes,harvesting process,lifted
649,R/BK/1,1980,27-Sep-79,,,all sections,tillage process,ploughed
650,R/BK/1,1980,01-Oct-79,,,cropped sections,tillage process,rotary harrowed
651,R/BK/1,1980,02-Oct-79,,sections 1 2,cropped sections,tillage process,rotary harrowed
652,R/BK/1,1980,21-Aug-80,,,cropped sections,harvesting process,combine harvested
653,R/BK/1,1980,01-Feb-80,,,fallow sections,tillage process,chisel ploughed
654,R/BK/1,1980,21-Apr-80,,,fallow sections,tillage process,heavy springtine cultivated
655,R/BK/1,1980,12-May-80,,,fallow sections,tillage process,ploughed
656,R/BK/1,1980,23-May-80,,,fallow sections,tillage process,springtine cultivated
657,R/BK/1,1980,17-Jun-80,,,fallow sections,tillage process,ploughed
658,R/BK/1,1980,19-Jun-80,,,fallow sections,tillage process,springtine cultivated
659,R/BK/1,1980,01-Aug-80,,,fallow sections,tillage process,rotary harrowed
660,R/BK/1,1980,25-Jan-80,,,potatoes,tillage process,chisel ploughed
661,R/BK/1,1980,17-Apr-80,,,potatoes,tillage process,springtine cultivated
662,R/BK/1,1980,18-Apr-80,,,potatoes,tillage process,spiked rotary cultivated
663,R/BK/1,1980,25-Apr-80,,,potatoes,harvesting process,grubbed
664,R/BK/1,1980,02-May-80,,,potatoes,tillage process,rotary ridged
665,R/BK/1,1980,28-Aug-80,,,potatoes,haulm destruction process,Haulm mechanically destroyed
666,R/BK/1,1980,04-Sep-80,,,potatoes,harvesting process,lifted
667,R/BK/1,1981,11-Sep-80,,,all sections,tillage process,ploughed
668,R/BK/1,1981,15-Sep-80,,,all sections,tillage process,rolled
669,R/BK/1,1981,30-Sep-80,,,cropped sections,tillage process,rotary harrowed
670,R/BK/1,1981,19-Aug-81,,,cropped sections,harvesting process,combine harvested
671,R/BK/1,1981,06-Jan-81,,sections 4,fallow sections,tillage process,chisel ploughed
672,R/BK/1,1981,16-Jan-81,,sections 8,fallow sections,tillage process,chisel ploughed
673,R/BK/1,1981,16-Apr-81,,,fallow sections,tillage process,springtine cultivated
674,R/BK/1,1981,15-May-81,,,fallow sections,tillage process,rotary harrowed
675,R/BK/1,1981,16-Jun-81,,,fallow sections,tillage process,ploughed
676,R/BK/1,1981,19-Jun-81,,,fallow sections,tillage process,heavy springtine cultivated
677,R/BK/1,1981,30-Jun-81,,,fallow sections,tillage process,springtine cultivated
678,R/BK/1,1981,16-Jul-81,,,fallow sections,tillage process,ploughed
679,R/BK/1,1981,20-Jul-81,,,fallow sections,tillage process,springtine cultivated
680,R/BK/1,1981,11-Aug-81,,,fallow sections,tillage process,springtine cultivated
681,R/BK/1,1981,16-Jan-81,,,potatoes,tillage process,chisel ploughed
682,R/BK/1,1981,16-Apr-81,,,potatoes,tillage process,springtine cultivated
683,R/BK/1,1981,13-May-81,,,potatoes,tillage process,spiked rotary cultivated
684,R/BK/1,1981,09-Jul-81,,,potatoes,tillage process,ridged
685,R/BK/1,1981,24-Aug-81,,,potatoes,haulm destruction process,Haulm mechanically destroyed
686,R/BK/1,1981,14-Sep-81,,,potatoes,harvesting process,lifted
687,R/BK/1,1982,16-Apr-82,,,fallow sections,tillage process,springtine cultivated
688,R/BK/1,1982,04-May-82,,,fallow sections,tillage process,ploughed
689,R/BK/1,1982,12-May-82,,,fallow sections,tillage process,rolled
690,R/BK/1,1982,12-May-82,,,fallow sections,tillage process,springtine cultivated
691,R/BK/1,1982,21-Jun-82,,,fallow sections,tillage process,ploughed
692,R/BK/1,1982,30-Jun-82,,,fallow sections,tillage process,springtine cultivated
693,R/BK/1,1982,28-Jul-82,,,fallow sections,tillage process,rotary harrowed
694,R/BK/1,1982,16-Apr-82,,,potatoes,tillage process,springtine cultivated
695,R/BK/1,1982,20-Apr-82,,,potatoes,tillage process,spiked rotary cultivated
696,R/BK/1,1982,10-May-82,,,potatoes,tillage process,rotary ridged
697,R/BK/1,1982,21-Aug-82,,,potatoes,haulm destruction process,Haulm mechanically destroyed
698,R/BK/1,1982,13-Sep-82,,,potatoes,harvesting process,lifted
699,R/BK/1,1982,14-Oct-81,,,winter wheat,tillage process,rotary harrowed
700,R/BK/1,1982,20-Aug-82,,,winter wheat,harvesting process,combine harvested
701,R/BK/1,1983,20-Sep-82,,,all sections,tillage process,ploughed
702,R/BK/1,1983,28-Oct-82,,,all sections,tillage process,springtine cultivated
703,R/BK/1,1983,04-Nov-82,,,cropped sections,tillage process,rotary harrowed
704,R/BK/1,1983,10-Aug-83,,,cropped sections,harvesting process,combine harvested
705,R/BK/1,1983,10-Feb-83,,,fallow sections,tillage process,chisel ploughed
706,R/BK/1,1983,27-May-83,,,fallow sections,tillage process,heavy springtine cultivated
707,R/BK/1,1983,17-Jun-83,,,fallow sections,tillage process,ploughed
708,R/BK/1,1983,23-Jun-83,,,fallow sections,tillage process,springtine cultivated
709,R/BK/1,1983,13-Jul-83,,,fallow sections,tillage process,ploughed
710,R/BK/1,1983,21-Jul-83,,,fallow sections,tillage process,springtine cultivated
711,R/BK/1,1983,10-Feb-83,,,potatoes,tillage process,chisel ploughed
712,R/BK/1,1983,05-May-83,,,potatoes,tillage process,heavy springtine cultivated
713,R/BK/1,1983,10-May-83,,,potatoes,tillage process,rotary harrowed
714,R/BK/1,1983,26-May-83,,,potatoes,tillage process,rotary ridged
715,R/BK/1,1983,30-Aug-83,,,potatoes,haulm destruction process,Haulm mechanically destroyed
716,R/BK/1,1983,01-Sep-83,,,potatoes,harvesting process,lifted
717,R/BK/1,1984,09-Sep-83,,,all sections,tillage process,ploughed
718,R/BK/1,1984,04-Oct-83,,,all sections,tillage process,springtine cultivated
719,R/BK/1,1984,06-Oct-83,,,cropped sections,tillage process,rotary harrowed
720,R/BK/1,1984,14-Aug-84,,,cropped sections,harvesting process,combine harvested
721,R/BK/1,1984,13-Dec-83,,,fallow sections,tillage process,chisel ploughed
722,R/BK/1,1984,01-May-84,,,fallow sections,tillage process,ploughed
723,R/BK/1,1984,08-May-84,,,fallow sections,tillage process,heavy springtine cultivated
724,R/BK/1,1984,18-Jun-84,,,fallow sections,tillage process,ploughed
725,R/BK/1,1984,25-Jun-84,,,fallow sections,tillage process,springtine cultivated
726,R/BK/1,1984,23-Jul-84,,,fallow sections,tillage process,rotary cultivated
727,R/BK/1,1984,03-Sep-83,,,potatoes,haulm destruction process,Haulm mechanically destroyed
728,R/BK/1,1984,13-Dec-83,,,potatoes,tillage process,chisel ploughed
729,R/BK/1,1984,04-Apr-84,,,potatoes,tillage process,rotary harrowed
730,R/BK/1,1984,10-Apr-84,,,potatoes,tillage process,rotary ridged
731,R/BK/1,1984,04-Sep-84,,,potatoes,harvesting process,lifted
732,R/BK/1,1985,01-Oct-84,,,all sections,tillage process,ploughed
733,R/BK/1,1985,16-Oct-84,,,all sections,tillage process,springtine cultivated
734,R/BK/1,1985,02-May-85,,,fallow sections,tillage process,ploughed
735,R/BK/1,1985,16-May-85,,,fallow sections,tillage process,springtine cultivated
736,R/BK/1,1985,15-Jul-85,,,fallow sections,tillage process,ploughed
737,R/BK/1,1985,02-Aug-85,,,fallow sections,tillage process,springtine cultivated
738,R/BK/1,1985,03-Sep-84,,,potatoes,haulm destruction process,Haulm mechanically destroyed
739,R/BK/1,1985,17-Sep-85,,,potatoes,harvesting process,lifted
740,R/BK/1,1985,06-Sep-85,,,winter wheat,harvesting process,combine harvested
741,R/BK/1,1985,31-Oct-84,,,winter wheat,tillage process,rotary harrowed
742,R/BK/1,1986,26-Sep-85,,,all sections,tillage process,ploughed
743,R/BK/1,1986,30-Sep-85,,,all sections,tillage process,rotary harrowed
744,R/BK/1,1986,13-May-86,,,fallow sections,tillage process,springtine cultivated
745,R/BK/1,1986,06-Jun-86,,,fallow sections,tillage process,springtine cultivated
746,R/BK/1,1986,19-Jun-86,,,fallow sections,tillage process,springtine cultivated
747,R/BK/1,1986,04-Jul-86,,,fallow sections,tillage process,cultivated with thistle bar attached
748,R/BK/1,1986,28-Jul-86,,,fallow sections,tillage process,springtine cultivated
749,R/BK/1,1986,22-Aug-86,,,fallow sections,tillage process,cultivated with thistle bar attached
750,R/BK/1,1986,15-Sep-85,,,potatoes,haulm destruction process,Haulm mechanically destroyed
751,R/BK/1,1986,16-Sep-86,,,potatoes,harvesting process,lifted
752,R/BK/1,1986,02-Sep-86,,,winter wheat,harvesting process,combine harvested
753,R/BK/1,1986,03-Oct-85,,,winter wheat,tillage process,rotary harrowed
754,R/BK/1,1987,08-Oct-86,,,all sections,tillage process,ploughed
755,R/BK/1,1987,08-Oct-86,,,all sections,tillage process,disced
756,R/BK/1,1987,08-Oct-86,,,all sections,tillage process,rotary harrowed
757,R/BK/1,1987,17-Feb-87,,,fallow sections,tillage process,heavy springtine cultivated
758,R/BK/1,1987,27-Apr-87,,,fallow sections,tillage process,rotary harrowed
759,R/BK/1,1987,28-Apr-87,,,fallow sections,tillage process,deep-tine cultivated
760,R/BK/1,1987,29-Apr-87,,,fallow sections,tillage process,springtine cultivated
761,R/BK/1,1987,30-Jun-87,,,fallow sections,tillage process,heavy springtine cultivated
762,R/BK/1,1987,17-Feb-87,,,potatoes,tillage process,heavy springtine cultivated
763,R/BK/1,1987,16-Apr-87,,,potatoes,tillage process,rotary harrowed
764,R/BK/1,1987,27-Apr-87,,,potatoes,tillage process,rotary ridged
765,R/BK/1,1987,23-Sep-87,,,potatoes,harvesting process,lifted
766,R/BK/1,1987,05-Sep-86,,section 0,winter wheat,residue management process,straw chopped
767,R/BK/1,1987,08-Sep-87,,,winter wheat,harvesting process,combine harvested
768,R/BK/1,1987,10-Oct-86,,,winter wheat,tillage process,rotary harrowed
769,R/BK/1,1988,30-Sep-87,,,all sections,tillage process,ploughed
770,R/BK/1,1988,29-Apr-88,,,fallow sections,tillage process,heavy springtine cultivated
771,R/BK/1,1988,13-May-88,,,fallow sections,tillage process,cultivated by rotary grubber
772,R/BK/1,1988,13-Jun-88,,,fallow sections,tillage process,cultivated by rotary grubber
773,R/BK/1,1988,15-Jul-88,,,fallow sections,tillage process,ploughed
774,R/BK/1,1988,29-Jul-88,,,fallow sections,tillage process,disced
775,R/BK/1,1988,29-Jul-88,,,fallow sections,tillage process,rolled
776,R/BK/1,1988,01-Aug-88,,,fallow sections,tillage process,ploughed
777,R/BK/1,1988,05-Sep-87,,,potatoes,haulm destruction process,Haulm mechanically destroyed
778,R/BK/1,1988,08-Apr-88,,,potatoes,tillage process,heavy springtine cultivated
779,R/BK/1,1988,08-Apr-88,,,potatoes,tillage process,rotary harrowed
780,R/BK/1,1988,25-Apr-88,,,potatoes,tillage process,rotary ridged
781,R/BK/1,1988,15-Sep-88,,,potatoes,harvesting process,lifted
782,R/BK/1,1988,05-Sep-88,,except sections 9,winter wheat,harvesting process,combine harvested brimstone
783,R/BK/1,1988,06-Sep-88,,section 9,winter wheat,harvesting process,combine harvested brimstone
784,R/BK/1,1988,06-Sep-88,,,winter wheat,harvesting process,combine harvested squareheads master
785,R/BK/1,1988,09-Sep-87,,section 0,winter wheat,residue management process,straw chopped
786,R/BK/1,1988,05-Nov-87,,,winter wheat,tillage process,rotary harrowed
787,R/BK/1,1988,06-Nov-87,,,winter wheat,tillage process,rotary harrowed
788,R/BK/1,1989,14-Oct-88,,,all sections,tillage process,ploughed
789,R/BK/1,1989,24-Oct-88,,,all sections,tillage process,rotary harrowed
790,R/BK/1,1989,09-May-89,,,fallow sections,tillage process,rotary cultivated
791,R/BK/1,1989,19-Jun-89,,,fallow sections,tillage process,rotary cultivated
792,R/BK/1,1989,12-Jul-89,,,fallow sections,tillage process,cultivated with thistle bar attached
793,R/BK/1,1989,05-Sep-88,,,potatoes,haulm destruction process,Haulm mechanically destroyed
794,R/BK/1,1989,29-Mar-89,,,potatoes,tillage process,deep-tine cultivated
795,R/BK/1,1989,24-Apr-89,,,potatoes,tillage process,rotary harrowed
796,R/BK/1,1989,25-May-89,,,potatoes,tillage process,rotary ridged
797,R/BK/1,1989,12-Sep-89,,,potatoes,harvesting process,lifted
798,R/BK/1,1989,09-Sep-88,,section 0,winter wheat,residue management process,straw chopped
799,R/BK/1,1989,26-Oct-88,,,winter wheat,tillage process,rotary harrowed
800,R/BK/1,1989,27-Oct-88,,,winter wheat,tillage process,rotary harrowed
801,R/BK/1,1989,07-Aug-89,,,winter wheat,harvesting process,combine harvested brimstone
802,R/BK/1,1989,08-Aug-89,,,winter wheat,harvesting process,combine harvested squareheads master
803,R/BK/1,1990,28-Sep-89,,,all sections,tillage process,ploughed
804,R/BK/1,1990,07-Oct-89,,,all sections,tillage process,spiked rotary cultivated
805,R/BK/1,1990,09-Oct-89,,,all sections,tillage process,spiked rotary cultivated
806,R/BK/1,1990,09-Oct-89,,,all sections,tillage process,rotary harrowed
807,R/BK/1,1990,24-Nov-89,,,fallow sections,tillage process,deep-tine cultivated
808,R/BK/1,1990,23-Apr-90,,,fallow sections,tillage process,heavy springtine cultivated
809,R/BK/1,1990,17-May-90,,,fallow sections,tillage process,cultivated by rotary grubber
810,R/BK/1,1990,29-Jun-90,,,fallow sections,tillage process,heavy springtine cultivated
811,R/BK/1,1990,17-Jul-90,,,fallow sections,tillage process,heavy springtine cultivated
812,R/BK/1,1990,06-Sep-89,,,potatoes,haulm destruction process,Haulm mechanically destroyed
813,R/BK/1,1990,24-Nov-89,,,potatoes,tillage process,deep-tine cultivated
814,R/BK/1,1990,05-Apr-90,,,potatoes,tillage process,rotary harrowed
815,R/BK/1,1990,05-Apr-90,,,potatoes,tillage process,rotary ridged
816,R/BK/1,1990,21-Sep-90,,,potatoes,harvesting process,lifted
817,R/BK/1,1990,11-Oct-89,,,winter wheat,tillage process,rotary harrowed
818,R/BK/1,1990,08-Aug-90,,,winter wheat,harvesting process,combine harvested
819,R/BK/1,1990,16-Aug-90,,section 0,winter wheat,residue management process,straw chopped
820,R/BK/1,1991,09-Oct-90,,,all sections,tillage process,ploughed
821,R/BK/1,1991,09-Oct-90,,,all sections,tillage process,furrow pressed
822,R/BK/1,1991,15-Oct-90,,,all sections,tillage process,rotary harrowed
823,R/BK/1,1991,14-Dec-90,,,fallow sections,tillage process,deep-tine cultivated
824,R/BK/1,1991,25-Apr-91,,,fallow sections,tillage process,heavy springtine cultivated
825,R/BK/1,1991,21-Jun-91,,,fallow sections,tillage process,cultivated by rotary grubber
826,R/BK/1,1991,08-Jul-91,,,fallow sections,tillage process,heavy springtine cultivated
827,R/BK/1,1991,14-Dec-90,,,potatoes,tillage process,deep-tine cultivated
828,R/BK/1,1991,16-Apr-91,,,potatoes,tillage process,heavy springtine cultivated
829,R/BK/1,1991,17-Apr-91,,,potatoes,tillage process,rotary harrowed
830,R/BK/1,1991,09-May-91,,,potatoes,tillage process,rotary ridged
831,R/BK/1,1991,28-Aug-91,,,potatoes,haulm destruction process,Haulm mechanically destroyed
832,R/BK/1,1991,24-Sep-91,,,potatoes,harvesting process,lifted
833,R/BK/1,1991,16-Oct-90,,,winter wheat,tillage process,rotary harrowed
834,R/BK/1,1991,14-Aug-91,,section 0,winter wheat,residue management process,straw chopped
835,R/BK/1,1991,25-Aug-91,,,winter wheat,harvesting process,combine harvested
836,R/BK/1,1992,11-Oct-91,,,all sections,tillage process,ploughed and furrow pressed
837,R/BK/1,1992,15-Jan-92,,,fallow sections,tillage process,chisel ploughed
838,R/BK/1,1992,13-Apr-92,,,fallow sections,tillage process,heavy springtine cultivated
839,R/BK/1,1992,18-May-92,,,fallow sections,tillage process,heavy springtine cultivated
840,R/BK/1,1992,25-Jun-92,,,fallow sections,tillage process,cultivated by rotary grubber
841,R/BK/1,1992,15-Jan-92,,,potatoes,tillage process,chisel ploughed
842,R/BK/1,1992,13-Apr-92,,,potatoes,tillage process,heavy springtine cultivated
843,R/BK/1,1992,23-Apr-92,,,potatoes,tillage process,rotary harrowed
844,R/BK/1,1992,06-Aug-92,,,potatoes,harvesting process,combine harvested
845,R/BK/1,1992,22-Sep-92,,,potatoes,haulm destruction process,Haulm mechanically destroyed
846,R/BK/1,1992,02-Oct-92,,,potatoes,harvesting process,lifted
847,R/BK/1,1992,31-Aug-91,,section 0,winter wheat,residue management process,straw chopped
848,R/BK/1,1992,14-Oct-91,,cropped sections,winter wheat,tillage process,rotary harrowed
849,R/BK/1,1992,15-Oct-91,,,winter wheat,tillage process,rotary harrowed
850,R/BK/1,1992,16-Oct-91,,,winter wheat,tillage process,rolled
851,R/BK/1,1993,15-Oct-92,,,all sections,tillage process,ploughed
852,R/BK/1,1993,19-Oct-92,,plots 21 to 11,all sections,tillage process,rotary harrowed
853,R/BK/1,1993,12-Feb-93,,,fallow sections,tillage process,chisel ploughed
854,R/BK/1,1993,24-Jun-93,,,fallow sections,tillage process,cultivated by rotary grubber
855,R/BK/1,1993,18-Oct-93,,,fallow sections,harvesting process,lifted
856,R/BK/1,1993,12-Feb-93,,,potatoes,tillage process,chisel ploughed
857,R/BK/1,1993,28-Apr-93,,,potatoes,tillage process,heavy springtine cultivated
858,R/BK/1,1993,05-May-93,,,potatoes,tillage process,rotary harrowed
859,R/BK/1,1993,14-May-93,,,potatoes,tillage process,rotary ridged
860,R/BK/1,1993,24-May-93,,,potatoes,tillage process,cultivated by rotary grubber
861,R/BK/1,1993,23-Sep-93,,,potatoes,haulm destruction process,Haulm mechanically destroyed
862,R/BK/1,1993,18-Oct-93,,,potatoes,harvesting process,lifted
863,R/BK/1,1993,07-Aug-92,,section 0,winter wheat,residue management process,straw chopped
864,R/BK/1,1993,04-Nov-92,,plots 01 & 12-20,winter wheat,tillage process,heavy springtine cultivated
865,R/BK/1,1993,06-Nov-92,,,winter wheat,tillage process,rotary harrowed
866,R/BK/1,1993,19-Mar-93,,,winter wheat,tillage process,rolled
867,R/BK/1,1993,17-Aug-93,,,winter wheat,harvesting process,combine harvested
868,R/BK/1,1994,28-Oct-93,,,all sections,tillage process,ploughed
869,R/BK/1,1994,28-Apr-94,,,fallow sections,tillage process,heavy springtine cultivated
870,R/BK/1,1994,16-Jun-94,,,fallow sections,tillage process,cultivated by rotary grubber
871,R/BK/1,1994,07-Jul-94,,,fallow sections,tillage process,cultivated by rotary grubber
872,R/BK/1,1994,06-Oct-94,,,fallow sections,harvesting process,lifted
873,R/BK/1,1994,28-Apr-94,,,potatoes,tillage process,heavy springtine cultivated
874,R/BK/1,1994,28-Apr-94,,,potatoes,tillage process,rotary harrowed
875,R/BK/1,1994,16-May-94,,,potatoes,tillage process,rotary ridged
876,R/BK/1,1994,06-Oct-94,,,potatoes,harvesting process,lifted
877,R/BK/1,1994,19-Aug-93,,section 0,winter wheat,residue management process,straw chopped
878,R/BK/1,1994,02-Nov-93,,cropped sections,winter wheat,tillage process,rotary harrowed
879,R/BK/1,1994,03-Nov-93,,,winter wheat,tillage process,rotary harrowed
880,R/BK/1,1994,22-Aug-94,,,winter wheat,harvesting process,combine harvested
881,R/BK/1,1995,13-Oct-94,,,all sections,tillage process,ploughed and furrow pressed
882,R/BK/1,1995,30-Aug-94,,,fallow sections,baling process,straw baled
883,R/BK/1,1995,24-Apr-95,,,fallow sections,tillage process,heavy springtine cultivated
884,R/BK/1,1995,09-Jun-95,,,fallow sections,tillage process,cultivated by rotary grubber
885,R/BK/1,1995,17-Jul-95,,,fallow sections,tillage process,springtine cultivated
886,R/BK/1,1995,15-Sep-95,,,fallow sections,harvesting process,lifted
887,R/BK/1,1995,12-Sep-94,,,potatoes,mowing process,topped weeds
888,R/BK/1,1995,24-Apr-95,,,potatoes,tillage process,heavy springtine cultivated
889,R/BK/1,1995,24-Apr-95,,,potatoes,tillage process,rotary harrowed
890,R/BK/1,1995,04-May-95,,,potatoes,tillage process,rotary ridged
891,R/BK/1,1995,24-Aug-95,,,potatoes,residue management process,Haulm pulverized
892,R/BK/1,1995,15-Sep-95,,,potatoes,harvesting process,lifted
893,R/BK/1,1995,24-Aug-94,,section 0,winter wheat,residue management process,straw chopped
894,R/BK/1,1995,30-Aug-94,,"sections 1, 2, 3, 5, 6, and 9)",winter wheat,baling process,straw baled
895,R/BK/1,1995,12-Sep-94,,section 8,winter wheat,mowing process,topped weeds
896,R/BK/1,1995,16-Nov-94,,,winter wheat,tillage process,rotary harrowed
897,R/BK/1,1995,18-Jul-95,,,winter wheat,hand picking process,Pulled wild oats by hand
898,R/BK/1,1995,06-Aug-95,,,winter wheat,harvesting process,combine harvested
899,R/BK/1,1996,29-Sep-95,,,all sections,tillage process,ploughed and furrow pressed
900,R/BK/1,1996,24-Apr-96,,,potatoes,tillage process,heavy springtine cultivated
901,R/BK/1,1996,30-Apr-96,,,potatoes,tillage process,heavy springtine cultivated
902,R/BK/1,1996,01-May-96,,,potatoes,tillage process,rotary harrowed
903,R/BK/1,1996,31-May-96,,,potatoes,tillage process,rotary ridged
904,R/BK/1,1996,12-Sep-96,,,potatoes,residue management process,Haulm pulverized
905,R/BK/1,1996,24-Sep-96,,,potatoes,harvesting process,lifted
906,R/BK/1,1996,11-Aug-95,,,winter oats,baling process,straw baled
907,R/BK/1,1996,12-Oct-95,,,winter oats,tillage process,rotary harrowed
908,R/BK/1,1996,12-Oct-95,,,winter oats,tillage process,rolled
909,R/BK/1,1996,05-Aug-96,,,winter oats,harvesting process,combine harvested
910,R/BK/1,1996,11-Aug-95,,,winter wheat,residue management process,straw chopped
911,R/BK/1,1996,11-Aug-95,,"sections 1, 2, 6, 7, 8 and 9",winter wheat,baling process,straw baled
912,R/BK/1,1996,09-Oct-95,,cropped sections,winter wheat,tillage process,springtine cultivated
913,R/BK/1,1996,11-Oct-95,,,winter wheat,tillage process,rotary harrowed
914,R/BK/1,1996,12-Oct-95,,,winter wheat,tillage process,rolled
915,R/BK/1,1996,16-Aug-96,,,winter wheat,harvesting process,combine harvested
916,R/BK/1,1997,28-Sep-96,,,all sections,tillage process,ploughed and furrow pressed
917,R/BK/1,1997,14-Oct-96,,,all sections,tillage process,rotary harrowed
918,R/BK/1,1997,20-Aug-96,,,winter oats,baling process,straw baled
919,R/BK/1,1997,20-Aug-96,,,winter oats,baling process,straw baled
920,R/BK/1,1997,16-Oct-96,,,winter oats,tillage process,rotary harrowed
921,R/BK/1,1997,23-Apr-97,,,winter oats,agronomic fertilization process,spring N applied
922,R/BK/1,1997,23-Apr-97,,,winter oats,tillage process,heavy springtine cultivated
923,R/BK/1,1997,23-Apr-97,,,winter oats,tillage process,rotary harrowed
924,R/BK/1,1997,20-Aug-97,,,winter oats,harvesting process,combine harvested
925,R/BK/1,1997,17-Sep-97,,,winter oats,harvesting process,hand harvested
926,R/BK/1,1997,20-Aug-96,,section 0,winter wheat,residue management process,straw chopped
927,R/BK/1,1997,20-Aug-96,,"sections 1, 2, 3, 4, 6, 7, 8 and 9",winter wheat,baling process,straw baled
928,R/BK/1,1997,15-Oct-96,,,winter wheat,tillage process,rotary harrowed
929,R/BK/1,1997,09-Jul-97,,,winter wheat,hand picking process,hand rogued wild oats
930,R/BK/1,1997,01-Sep-97,,,winter wheat,harvesting process,combine harvested
931,R/BK/1,1998,15-Oct-97,,,all sections,tillage process,ploughed and furrow pressed
932,R/BK/1,1998,19-Oct-97,,,all sections,tillage process,rotary harrowed
933,R/BK/1,1998,07-Jul-98,,,all sections,hand picking process,hand rogued wild oats
934,R/BK/1,1998,20-Aug-97,,,forage maize,baling process,straw baled
935,R/BK/1,1998,30-Apr-98,,,forage maize,tillage process,springtine cultivated
936,R/BK/1,1998,06-May-98,,,forage maize,tillage process,heavy springtine cultivated
937,R/BK/1,1998,07-May-98,,,forage maize,tillage process,rotary harrowed
938,R/BK/1,1998,06-Aug-98,,,forage maize,harvesting process,combine harvested
939,R/BK/1,1998,16-Sep-98,,,forage maize,harvesting process,hand harvested
940,R/BK/1,1998,01-Sep-97,,,winter oats,baling process,straw baled
941,R/BK/1,1998,21-Oct-97,,,winter oats,tillage process,rotary harrowed
942,R/BK/1,1998,23-Oct-97,,,winter oats,tillage process,rolled
943,R/BK/1,1998,01-Sep-97,,"sections 1, 3, 4, 5, 6, 8 and 9",winter wheat,baling process,straw baled
944,R/BK/1,1998,01-Sep-97,,sections 0,winter wheat,residue management process,straw chopped
945,R/BK/1,1998,15-Oct-97,,,winter wheat,tillage process,rotary harrowed
946,R/BK/1,1998,22-Oct-97,,,winter wheat,tillage process,rolled
947,R/BK/1,1998,16-Aug-98,,,winter wheat,harvesting process,combine harvested
948,R/BK/1,1999,12-Oct-98,,,all sections,tillage process,ploughed
949,R/BK/1,1999,05-May-99,,,forage maize,tillage process,flexitined
950,R/BK/1,1999,05-May-99,,,forage maize,tillage process,rotary harrowed
951,R/BK/1,1999,04-Aug-99,,,forage maize,harvesting process,combine harvested
952,R/BK/1,1999,30-Oct-98,,,winter oats,tillage process,rotary harrowed
953,R/BK/1,1999,20-Aug-98,,section 0,winter wheat,residue management process,straw chopped
954,R/BK/1,1999,20-Aug-98,,"sections 1, 3, 4, 5, 6, 7, 8 and 9",winter wheat,baling process,straw baled
955,R/BK/1,1999,30-Oct-98,,,winter wheat,tillage process,rotary harrowed
956,R/BK/1,1999,15-Jul-99,,,winter wheat,hand picking process,hand rogued wild oats
957,R/BK/1,1999,04-Aug-99,,,winter wheat,harvesting process,combine harvested
958,R/BK/1,1999,20-Sep-99,,,winter wheat,harvesting process,hand harvested
959,R/BK/1,2000,25-Sep-99,,,all sections,tillage process,ploughed
960,R/BK/1,2000,27-Sep-99,,,all sections,tillage process,ploughing completed
961,R/BK/1,2000,05-Oct-99,,,all sections,tillage process,rolled
962,R/BK/1,2000,05-Aug-99,,,forage maize,harvesting process,combine harvested
963,R/BK/1,2000,16-May-00,,,forage maize,tillage process,flexitined
964,R/BK/1,2000,16-May-00,,,forage maize,tillage process,rotary harrowed
965,R/BK/1,2000,17-May-00,,,forage maize,tillage process,rolled
966,R/BK/1,2000,14-Sep-00,,,forage maize,harvesting process,hand harvested
967,R/BK/1,2000,07-Oct-99,,,winter oats,tillage process,rotary harrowed
968,R/BK/1,2000,17-Aug-99,,"sections 1, 2, 3, 4, 5, 6, 8 and 9)",winter wheat,baling process,straw baled
969,R/BK/1,2000,20-Aug-99,,section 0,winter wheat,residue management process,straw chopped
970,R/BK/1,2000,07-Oct-99,,,winter wheat,tillage process,rotary harrowed
971,R/BK/1,2000,12-Jul-00,,,winter wheat,hand picking process,hand rogued wild oats
972,R/BK/1,2000,12-Aug-00,,,winter wheat,harvesting process,combine harvested
973,R/BK/1,2001,04-Oct-00,05/10/2000,,all sections,tillage process,ploughed
974,R/BK/1,2001,11-May-01,,sections 8,fallow section 8,tillage process,rotavated
975,R/BK/1,2001,24-May-01,,sections 8 and all discard areas,fallow section 8,tillage process,rotary harrowed
976,R/BK/1,2001,04-Jul-01,,sections 8,fallow section 8,tillage process,rotary harrowed
977,R/BK/1,2001,26-Jul-01,,,fallow section 8,tillage process,rotary harrowed
978,R/BK/1,2001,12-Sep-01,,section 8,fallow section 8,mowing process,topped thistle patches
979,R/BK/1,2001,21-May-01,,,forage maize,tillage process,rotary harrowed
980,R/BK/1,2001,10-Sep-01,,,forage maize,specimen collection process,"cut, sampled and weighed sample areas"
981,R/BK/1,2001,11-Sep-01,,,forage maize,harvesting process,harvested discard maize
982,R/BK/1,2001,02-Apr-01,,,spring oats,tillage process,springtine cultivated
983,R/BK/1,2001,23-Aug-01,,,spring oats,harvesting process,combine harvested plots for yield and discards
984,R/BK/1,2001,23-Aug-01,,,spring oats,windrowing,swathed straw
985,R/BK/1,2001,24-Aug-01,,,spring oats,baling process,baled straw
986,R/BK/1,2001,24-Aug-01,,,spring oats,specimen collection process,sampled and weighed straw
987,R/BK/1,2001,25-Aug-01,,,spring oats,baling process,baled straw
988,R/BK/1,2001,25-Aug-01,,,spring oats,residue removal process,carted straw
989,R/BK/1,2001,13-Aug-00,,"sections 1, 2, 3, 5, 6, 7, 8 & 9",winter wheat,baling process,straw baled
990,R/BK/1,2001,17-Aug-00,,section 0,winter wheat,residue management process,straw chopped
991,R/BK/1,2001,07-Aug-01,,sections 9 and 4,winter wheat,harvesting process,take pre-harveste samples
992,R/BK/1,2001,21-Aug-01,,,winter wheat,harvesting process,combine harvested headlands
993,R/BK/1,2001,21-Aug-01,,,winter wheat,windrowing,swathed headlands straw
994,R/BK/1,2001,23-Aug-01,,,winter wheat,harvesting process,combine harvested plots for yield
995,R/BK/1,2001,23-Aug-01,,,winter wheat,windrowing,swathed straw
996,R/BK/1,2001,24-Aug-01,,,winter wheat,harvesting process,combine harvested all remaining wheat
997,R/BK/1,2001,24-Aug-01,,,winter wheat,windrowing,swathed straw
998,R/BK/1,2001,24-Aug-01,,,winter wheat,baling process,baled straw
999,R/BK/1,2001,24-Aug-01,,,winter wheat,specimen collection process,sampled and weighed straw
1000,R/BK/1,2001,25-Aug-01,,except sections 0,winter wheat,baling process,baled straw
1001,R/BK/1,2001,25-Aug-01,,,winter wheat,residue removal process,carted straw
1002,R/BK/1,2001,22-Aug-11,,,winter wheat,baling process,baled straw from headlands
1003,R/BK/1,2001,22-Aug-11,,,winter wheat,residue removal process,removed straw from headlands
1004,R/BK/1,2002,12-Sep-01,13/09/2001,,all sections,tillage process,ploughed
1005,R/BK/1,2002,04-Jul-02,,,all sections,hand picking process,"Rogued wild oats, 2 plants"
1006,R/BK/1,2002,24-Aug-01,,sections 3,forage maize,baling process,straw baled
1007,R/BK/1,2002,10-Apr-02,,,forage maize,tillage process,flexitined
1008,R/BK/1,2002,10-Apr-02,,,forage maize,tillage process,flexitined
1009,R/BK/1,2002,03-May-02,,,forage maize,tillage process,rotary harrowed
1010,R/BK/1,2002,11-Sep-02,,,forage maize,harvesting process,"cut all disced maize. cut sample areas by hand, TS weighed, and sampled"
1011,R/BK/1,2002,02-Oct-02,,,forage maize,mowing process,topped stalks ready for ploughing countryside stewardship scheme margins
1012,R/BK/1,2002,24-Aug-01,,sections 2,winter oats,baling process,straw baled
1013,R/BK/1,2002,14-Aug-02,,,winter oats,harvesting process,combine harvested discards to allow straw weights to be taken
1014,R/BK/1,2002,14-Aug-02,,,winter oats,harvesting process,combine harvested plots for yield
1015,R/BK/1,2002,14-Aug-02,,,winter oats,windrowing,swathed straw
1016,R/BK/1,2002,14-Aug-02,,,winter oats,specimen collection process,Sampled
1017,R/BK/1,2002,14-Aug-02,,,winter oats,baling process,baled straw
1018,R/BK/1,2002,14-Aug-02,,,winter oats,specimen collection process,weighed straw
1019,R/BK/1,2002,21-Aug-02,,,winter oats,residue removal process,carted bales
1020,R/BK/1,2002,24-Aug-01,,"sections 1, 4, 6, 7 & 9)",winter wheat,baling process,straw baled
1021,R/BK/1,2002,25-Aug-01,,section 0,winter wheat,residue management process,straw chopped
1022,R/BK/1,2002,14-Aug-02,,,winter wheat,harvesting process,"combine harvested, all discards to open up plots"
1023,R/BK/1,2002,14-Aug-02,15/08/2002,"sections 0, 1, 8, and 9",winter wheat,harvesting process,combine harvested plots for yield
1024,R/BK/1,2002,14-Aug-02,,,winter wheat,windrowing,swathed straw
1025,R/BK/1,2002,14-Aug-02,,,winter wheat,baling process,straw baled
1026,R/BK/1,2002,15-Aug-02,,,winter wheat,harvesting process,combine harvested discards to allow straw weights to be taken
1027,R/BK/1,2002,15-Aug-02,,,winter wheat,windrowing,swathed straw
1028,R/BK/1,2002,15-Aug-02,16/08/2002,sections 1 and 9,winter wheat,baling process,baled straw
1029,R/BK/1,2002,15-Aug-02,16/08/2002,,winter wheat,specimen collection process,sampled and weighed straw
1030,R/BK/1,2002,17-Aug-02,,,winter wheat,harvesting process,combine harvested all remaining wheat
1031,R/BK/1,2002,17-Aug-02,,,winter wheat,windrowing,swathed straw
1032,R/BK/1,2002,17-Aug-02,,,winter wheat,baling process,straw baled
1033,R/BK/1,2002,21-Aug-02,,,winter wheat,residue removal process,carted bales
1034,R/BK/1,2003,19-Sep-02,None,,all sections,tillage process,rolled
1035,R/BK/1,2003,20-Sep-02,None,,all sections,tillage process,rolled
1036,R/BK/1,2003,02-Oct-02,,,all sections,tillage process,ploughed 25 cm wide furrows
1037,R/BK/1,2003,02-Oct-02,,,all sections,tillage process,power harrowed
1038,R/BK/1,2003,15-May-03,None,,all sections,tillage process,power harrowed discards
1039,R/BK/1,2003,28-May-03,None,,all sections,tillage process,rotavated paths
1040,R/BK/1,2003,01-Jul-03,None,,all sections,hand picking process,Rogued wild oats
1041,R/BK/1,2003,30-Apr-03,None,,forage maize,tillage process,springtine cultivated
1042,R/BK/1,2003,01-May-03,None,,forage maize,tillage process,springtine cultivated
1043,R/BK/1,2003,08-May-03,None,,forage maize,tillage process,power harrowed
1044,R/BK/1,2003,20-Aug-03,None,,forage maize,specimen collection process,"cut sample areas by hand, weighed, and sampled"
1045,R/BK/1,2003,01-Sep-03,None,section 0,forage maize,residue management process,Cleared maize
1046,R/BK/1,2003,04-Oct-02,None,,winter oats,tillage process,rolled
1047,R/BK/1,2003,03-Aug-03,None,,winter oats,harvesting process,combine harvested discards
1048,R/BK/1,2003,03-Aug-03,None,,winter oats,harvesting process,combine harvested plots for yield
1049,R/BK/1,2003,03-Aug-03,,,winter oats,windrowing,swathed straw
1050,R/BK/1,2003,03-Aug-03,,,winter oats,baling process,baled straw
1051,R/BK/1,2003,03-Aug-03,,,winter oats,specimen collection process,sampled and weighed straw
1052,R/BK/1,2003,06-Aug-93,,"sections 1, 9",winter wheat,baling process,baled straw
1053,R/BK/1,2003,06-Aug-93,,,winter wheat,specimen collection process,sampled and weighed straw
1054,R/BK/1,2003,06-Aug-93,,"sections 1, 9",winter wheat,harvesting process,combine harvested all remaining wheat
1055,R/BK/1,2003,04-Oct-02,None,,winter wheat,tillage process,rolled
1056,R/BK/1,2003,04-Aug-03,None,,winter wheat,harvesting process,"combine harvested, all discards to open up plots"
1057,R/BK/1,2003,05-Aug-03,None,,winter wheat,harvesting process,combine harvested plots for yield
1058,R/BK/1,2003,05-Aug-03,,,winter wheat,windrowing,swathed straw
1059,R/BK/1,2003,08-Aug-03,None,,winter wheat,baling process,baled remaining straw
1060,R/BK/1,2004,22-Jun-04,None,,all sections,tillage process,rotavated paths
1061,R/BK/1,2004,03-Sep-03,None,excluding section 0,all sections,tillage process,rolled
1062,R/BK/1,2004,27-Sep-03,None,excluding section 0,all sections,tillage process,ploughed 25 cm wide furrows
1063,R/BK/1,2004,27-Sep-03,,,all sections,tillage process,cultipressed
1064,R/BK/1,2004,29-Sep-03,None,excluding section 0,all sections,tillage process,cultipressed
1065,R/BK/1,2004,24-May-04,None,,all sections,tillage process,rotavated paths
1066,R/BK/1,2004,29-Jun-04,None,,all sections,tillage process,power harrowed discards
1067,R/BK/1,2004,30-Jun-04,None,,all sections,hand picking process,Rogued wild oats
1068,R/BK/1,2004,02-Sep-04,None,,all sections,mowing process,topped fallow areas
1069,R/BK/1,2004,14-May-04,None,,forage maize,tillage process,flexitined
1070,R/BK/1,2004,19-May-04,None,,forage maize,tillage process,power harrowed
1071,R/BK/1,2004,20-Sep-04,None,,forage maize,harvesting process,"cut sample areas by hand, weighed, and sampled"
1072,R/BK/1,2004,21-Sep-04,None,,forage maize,residue management process,Cleared maize
1073,R/BK/1,2004,30-Sep-03,None,,winter oats,tillage process,rolled
1074,R/BK/1,2004,03-Sep-04,None,,winter oats,harvesting process,combine harvested discards
1075,R/BK/1,2004,03-Sep-04,,,winter oats,windrowing,swathed straw
1076,R/BK/1,2004,03-Sep-04,None,,winter oats,harvesting process,combine harvested plots for yield
1077,R/BK/1,2004,03-Sep-04,,,winter oats,windrowing,swathed straw
1078,R/BK/1,2004,03-Sep-04,None,,winter oats,specimen collection process,sampled and weighed straw
1079,R/BK/1,2004,04-Sep-04,None,,winter oats,baling process,straw baled
1080,R/BK/1,2004,30-Sep-03,None,,winter wheat,tillage process,rolled
1081,R/BK/1,2004,16-Aug-04,None,,winter wheat,harvesting process,combine harvested discards
1082,R/BK/1,2004,16-Aug-04,,,winter wheat,windrowing,swathed straw
1083,R/BK/1,2004,02-Sep-04,None,except section 8,winter wheat,harvesting process,combine harvested plots for yield
1084,R/BK/1,2004,02-Sep-04,,,winter wheat,windrowing,swathed straw
1085,R/BK/1,2004,02-Sep-04,None,,winter wheat,harvesting process,combine harvested discards
1086,R/BK/1,2004,02-Sep-04,,,winter wheat,windrowing,swathed straw
1087,R/BK/1,2004,03-Sep-04,None,section 8.,winter wheat,harvesting process,"combine harvested - wheat badly laid, not all plots harvested"
1088,R/BK/1,2004,03-Sep-04,None,,winter wheat,specimen collection process,sampled and weighed straw
1089,R/BK/1,2004,03-Sep-04,None,,winter wheat,harvesting process,combine harvested discards
1090,R/BK/1,2004,04-Sep-04,None,,winter wheat,baling process,straw baled
1091,R/BK/1,2005,18-Oct-04,None,,all sections,tillage process,ploughed 25 cm wide furrows
1092,R/BK/1,2005,18-Mar-05,None,excluding section 4,all sections,tillage process,rolled
1093,R/BK/1,2005,22-Sep-04,None,,forage maize,harvesting process,"cut sample areas by hand, weighed, and sampled"
1094,R/BK/1,2005,26-Sep-04,None,,forage maize,residue management process,Cleared maize
1095,R/BK/1,2005,07-Apr-05,None,,forage maize,tillage process,springtine cultivated
1096,R/BK/1,2005,05-May-05,None,,forage maize,tillage process,power harrowed
1097,R/BK/1,2005,05-May-05,None,,forage maize,tillage process,rolled
1098,R/BK/1,2005,16-Aug-05,None,,winter oats,harvesting process,combine harvested plots for yield and discards
1099,R/BK/1,2005,16-Aug-05,,,winter oats,windrowing,swathed straw
1100,R/BK/1,2005,17-Aug-05,None,,winter oats,specimen collection process,sampled and weighed straw
1101,R/BK/1,2005,18-Aug-05,None,,winter oats,baling process,straw baled
1102,R/BK/1,2005,10-Aug-05,None,,winter wheat,harvesting process,combine harvested plots for yield
1103,R/BK/1,2005,10-Aug-05,,,winter wheat,windrowing,swathed straw
1104,R/BK/1,2005,10-Aug-05,,,winter wheat,specimen collection process,sampled and weighed straw
1105,R/BK/1,2005,10-Aug-05,None,,winter wheat,baling process,straw baled
1106,R/BK/1,2005,16-Aug-05,None,,winter wheat,harvesting process,combine harvested discards
1107,R/BK/1,2005,16-Aug-05,,,winter wheat,windrowing,swathed straw
1108,R/BK/1,2005,18-Aug-05,None,,winter wheat,baling process,baled remaining straw
1109,R/BK/1,2006,29-Sep-05,None,,all sections,tillage process,ploughed 25 cm wide furrows
1110,R/BK/1,2006,10-Oct-05,None,,all sections,tillage process,cultipressed
1111,R/BK/1,2006,10-May-06,None,,forage maize,tillage process,flexitined
1112,R/BK/1,2006,11-May-06,None,,forage maize,tillage process,power harrowed
1113,R/BK/1,2006,25-Sep-06,None,,forage maize,harvesting process,"cut sample areas by hand, weighed, and sampled"
1114,R/BK/1,2006,29-Sep-06,None,,forage maize,residue management process,Cleared maize
1115,R/BK/1,2006,11-Oct-05,None,,winter oats,tillage process,rolled
1116,R/BK/1,2006,25-Jul-06,None,,winter oats,harvesting process,combine harvested plots for yield
1117,R/BK/1,2006,25-Jul-06,,,winter oats,windrowing,swathed straw
1118,R/BK/1,2006,25-Jul-06,None,,winter oats,harvesting process,combine harvested discards
1119,R/BK/1,2006,25-Jul-06,,,winter oats,windrowing,swathed straw
1120,R/BK/1,2006,26-Jul-06,None,,winter oats,specimen collection process,sampled and weighed straw
1121,R/BK/1,2006,26-Jul-06,None,,winter oats,baling process,straw baled
1122,R/BK/1,2006,11-Oct-05,None,,winter wheat,tillage process,rolled
1123,R/BK/1,2006,06-Aug-06,None,,winter wheat,harvesting process,combine harvested discards
1124,R/BK/1,2006,06-Aug-06,,,winter wheat,baling process,straw baled
1125,R/BK/1,2006,23-Aug-06,None,,winter wheat,harvesting process,combine harvested plots for yield
1126,R/BK/1,2006,23-Aug-06,,,winter wheat,windrowing,swathed straw
1127,R/BK/1,2006,23-Aug-06,,,winter wheat,specimen collection process,sampled and weighed straw
1128,R/BK/1,2006,25-Aug-06,None,,winter wheat,harvesting process,combine harvested discards
1129,R/BK/1,2006,25-Aug-06,,,winter wheat,windrowing,swathed straw
1130,R/BK/1,2006,25-Aug-06,,,winter wheat,baling process,straw baled
1131,R/BK/1,2007,28-Sep-06,,Section 8,all sections,mowing process,topped
1132,R/BK/1,2007,14-Oct-06,,,all sections,tillage process,ploughed - thrown south
1133,R/BK/1,2007,16-Oct-06,,,all sections,tillage process,cultipressed
1134,R/BK/1,2007,09-Jan-07,,,all sections,other,Erect rabbit fence
1135,R/BK/1,2007,01-May-07,,,all sections,tillage process,flexitined E and W headlands
1136,R/BK/1,2007,08-May-07,,,all sections,mowing process,mow / rotavate paths
1137,R/BK/1,2007,09-May-07,,,all sections,mowing process,mow / rotavate paths
1138,R/BK/1,2007,10-May-07,,,all sections,other,Remove rabbit fence S O&Es
1139,R/BK/1,2007,10-May-07,,,all sections,tillage process,flexitined O&Es
1140,R/BK/1,2007,11-May-07,,,all sections,tillage process,power harrowed O&Es
1141,R/BK/1,2007,25-May-07,,,all sections,mowing process,mow / rotavate paths
1142,R/BK/1,2007,14-Jun-07,,,all sections,mowing process,mow / rotavate paths
1143,R/BK/1,2007,19-Jun-07,,,all sections,mowing process,mow / rotavate paths
1144,R/BK/1,2007,25-Jun-07,,,all sections,mowing process,mow / rotavate paths - down paths
1145,R/BK/1,2007,26-Jul-07,,,all sections,mowing process,mow / rotavate paths
1146,R/BK/1,2007,10-Aug-07,,,all sections,hand picking process,Rogue wild oats / thistles / weeds
1147,R/BK/1,2007,10-Sep-07,,,all sections,other,Remove rabbit fence Cropped sections:
1148,R/BK/1,2007,01-May-07,,,forage maize,tillage process,flexitined
1149,R/BK/1,2007,02-May-07,,,forage maize,tillage process,power harrowed
1150,R/BK/1,2007,02-May-07,,,forage maize,tillage process,rolled
1151,R/BK/1,2007,18-Sep-07,,,forage maize,harvesting process,"cut harvested strips, weighed and sampled"
1152,R/BK/1,2007,25-Sep-07,,,forage maize,harvesting process,cut maize discards
1153,R/BK/1,2007,30-Apr-07,,,wilderness,mowing process,"topped wilderness, middle section"
1154,R/BK/1,2007,01-Jun-07,,grazed section,wilderness,mowing process,Topped
1155,R/BK/1,2007,18-Jun-07,,,wilderness,mowing process,"topped wilderness, middle section"
1156,R/BK/1,2007,25-Sep-07,,,wilderness,mowing process,"topped wilderness, middle section"
1157,R/BK/1,2007,06-Aug-07,,,winter oats,harvesting process,combine harvested plots for yield
1158,R/BK/1,2007,06-Aug-07,,,winter oats,windrowing,swathed straw
1159,R/BK/1,2007,08-Aug-07,,,winter oats,baling process,baled straw
1160,R/BK/1,2007,08-Aug-07,,,winter oats,specimen collection process,sampled and weighed straw
1161,R/BK/1,2007,26-Aug-07,,sections 0 and 1,winter wheat,harvesting process,combine harvested plots for yield
1162,R/BK/1,2007,26-Aug-07,,sections 0 and 1,winter wheat,windrowing,swathed straw
1163,R/BK/1,2007,27-Aug-07,,sections 4-9,winter wheat,harvesting process,combine harvested plots for yield
1164,R/BK/1,2007,27-Aug-07,,sections 4-9,winter wheat,windrowing,swathed straw
1165,R/BK/1,2007,27-Aug-07,,section 1,winter wheat,baling process,baled straw
1166,R/BK/1,2007,27-Aug-07,,,winter wheat,specimen collection process,sampled and weighed straw
1167,R/BK/1,2007,28-Aug-07,,,winter wheat,harvesting process,combine harvested plot edges to allow straw weight to be taken
1168,R/BK/1,2007,28-Aug-07,,sections 5 & 8,winter wheat,baling process,baled straw
1169,R/BK/1,2007,28-Aug-07,,,winter wheat,specimen collection process,sampled and weighed straw
1170,R/BK/1,2007,29-Aug-07,,,winter wheat,harvesting process,combine harvested discards
1171,R/BK/1,2007,29-Aug-07,,,winter wheat,windrowing,swathed straw
1172,R/BK/1,2007,29-Aug-07,,section 0,winter wheat,residue management process,straw chopped
1173,R/BK/1,2007,02-Sep-07,,,winter wheat,baling process,baled remaining straw
1174,R/BK/1,2008,11-Oct-07,12/10/2007,,all sections,tillage process,ploughed - thrown north
1175,R/BK/1,2008,15-Oct-07,,,all sections,tillage process,cultipressed
1176,R/BK/1,2008,26-Nov-07,,,all sections,other,Erect rabbit fence
1177,R/BK/1,2008,12-May-08,,,all sections,mowing process,mow / rotavate paths
1178,R/BK/1,2008,02-Jun-08,,,all sections,tillage process,power harrowed fallow discards
1179,R/BK/1,2008,02-Jun-08,,,all sections,mowing process,mow / rotavate paths
1180,R/BK/1,2008,05-Jun-08,,,all sections,mowing process,mow / rotavate paths
1181,R/BK/1,2008,17-Jun-08,,,all sections,mowing process,mow / rotavate paths
1182,R/BK/1,2008,25-Jul-08,,,all sections,hand picking process,Rogue wild oats / thistles / weeds - 4 wild oats found
1183,R/BK/1,2008,22-Apr-08,,section 8,fallow section 8,tillage process,flexitined
1184,R/BK/1,2008,02-Jun-08,,section 8,fallow section 8,tillage process,ploughed
1185,R/BK/1,2008,14-Jul-08,,section 8 and fallow discards,fallow section 8,tillage process,flexitined
1186,R/BK/1,2008,16-Jul-08,,section 8 and fallow discards,fallow section 8,tillage process,flexitined
1187,R/BK/1,2008,21-Jul-08,,section 8 and fallow discards,fallow section 8,tillage process,power harrowed
1188,R/BK/1,2008,03-Sep-08,,section 8,fallow section 8,tillage process,ploughed
1189,R/BK/1,2008,12-May-08,,,forage maize,tillage process,power harrowed
1190,R/BK/1,2008,13-May-08,,,forage maize,tillage process,rolled
1191,R/BK/1,2008,23-Sep-08,,,forage maize,harvesting process,harvested discard maize
1192,R/BK/1,2008,23-Sep-08,,,forage maize,harvesting process,"cut harvested strips, weighed and sampled"
1193,R/BK/1,2008,28-May-08,,,wilderness,mowing process,"topped wilderness, middle section"
1194,R/BK/1,2008,19-Jun-08,,,wilderness,mowing process,"topped wilderness, middle section"
1195,R/BK/1,2008,01-Aug-08,,,wilderness,mowing process,"topped wilderness, middle section"
1196,R/BK/1,2008,24-Oct-07,,,winter oats,tillage process,rolled
1197,R/BK/1,2008,16-Aug-08,,,winter oats,harvesting process,combine harvested plots for yield
1198,R/BK/1,2008,16-Aug-08,,,winter oats,windrowing,swathed straw
1199,R/BK/1,2008,16-Aug-08,,,winter oats,harvesting process,combine harvested discards
1200,R/BK/1,2008,16-Aug-08,,,winter oats,baling process,baled straw
1201,R/BK/1,2008,16-Aug-08,,,winter oats,specimen collection process,sampled and weighed straw
1202,R/BK/1,2008,29-Aug-07,,section 0,winter wheat,residue management process,straw chopped
1203,R/BK/1,2008,25-Aug-08,,,winter wheat,harvesting process,combine harvested discards
1204,R/BK/1,2008,25-Aug-08,,,winter wheat,windrowing,swathed straw
1205,R/BK/1,2008,25-Aug-08,,,winter wheat,baling process,straw baled
1206,R/BK/1,2008,26-Aug-08,,,winter wheat,harvesting process,combine harvested plots for yield
1207,R/BK/1,2008,26-Aug-08,,,winter wheat,windrowing,swathed straw
1208,R/BK/1,2008,27-Aug-08,,"sections 1, 3",winter wheat,baling process,baled straw
1209,R/BK/1,2008,27-Aug-08,,,winter wheat,specimen collection process,sampled and weighed straw
1210,R/BK/1,2008,29-Aug-08,,,winter wheat,harvesting process,combine harvested discards
1211,R/BK/1,2008,29-Aug-08,,,winter wheat,windrowing,swathed straw
1212,R/BK/1,2008,30-Aug-08,,,winter wheat,baling process,straw baled
1213,R/BK/1,2009,06-Oct-08,,,all sections,tillage process,ploughed
1214,R/BK/1,2009,10-Oct-08,,,all sections,tillage process,cultipressed
1215,R/BK/1,2009,16-Oct-08,,,all sections,tillage process,power harrowed
1216,R/BK/1,2009,25-Nov-08,,,all sections,other,Collapsed rabbit holes with Burrow Blaster
1217,R/BK/1,2009,16-Dec-08,,,all sections,other,Cut Hedges
1218,R/BK/1,2009,17-Dec-08,,,all sections,other,Cut Hedges
1219,R/BK/1,2009,16-May-09,,,all sections,mowing process,mow / rotavate paths
1220,R/BK/1,2009,19-May-09,,,all sections,tillage process,rotavate side paths
1221,R/BK/1,2009,01-Jun-09,,,all sections,mowing process,mow / rotavate paths
1222,R/BK/1,2009,15-Jun-09,,,all sections,mowing process,mow / rotavate paths
1223,R/BK/1,2009,29-Jun-09,,,all sections,mowing process,mow / rotavate paths
1224,R/BK/1,2009,03-Jul-09,,,all sections,hand picking process,Rogue wild oats / thistles / weeds - 323 wild oat plants
1225,R/BK/1,2009,28-Jul-09,,,all sections,tillage process,rotavate down paths and headlands
1226,R/BK/1,2009,30-Jul-09,,,all sections,mowing process,mow / rotavate paths cut cross paths
1227,R/BK/1,2009,13-Aug-09,,,all sections,harvesting process,"combine harvested discards, O&Es"
1228,R/BK/1,2009,13-Aug-09,,excluding section 0,all sections,baling process,straw baled
1229,R/BK/1,2009,11-May-09,,,forage maize,tillage process,flexitined in preparation for maize
1230,R/BK/1,2009,12-May-09,,,forage maize,tillage process,power harrowed
1231,R/BK/1,2009,10-Sep-09,,,forage maize,harvesting process,harvested
1232,R/BK/1,2009,13-May-10,,,forage maize,other,a reduced amount was applied to this plot to ensure correct amount applied overall. Plot 197. having already received more than the total required did not receive any further N
1233,R/BK/1,2009,08-Dec-08,,grubbed section,wilderness,mowing process,topped
1234,R/BK/1,2009,13-May-09,,,wilderness,mowing process,topped
1235,R/BK/1,2009,04-Jun-09,,,wilderness,mowing process,mown
1236,R/BK/1,2009,14-Aug-09,,,winter wheat,harvesting process,combine harvested plots for yield
1237,R/BK/1,2009,15-Aug-09,,,winter wheat,specimen collection process,Sampled and weighed straw
1238,R/BK/1,2009,15-Aug-09,,,winter wheat,baling process,straw baled
1239,R/BK/1,2010,31-Aug-10,,"sections 0, 1",winter wheat,harvesting process,combine harvested plots for yield
1240,R/BK/1,2010,01-Sep-10,,"sections 2, 3, 6, 7, 8 & 9",winter wheat,harvesting process,combine harvested all remaining wheat
1241,R/BK/1,2010,01-Sep-10,,"sections 2, 3, 6, 7, 8 & 9",winter wheat,baling process,baled straw
1242,R/BK/1,2010,01-Sep-10,,,winter wheat,specimen collection process,sampled and weighed straw
1243,R/BK/1,2010,03-Sep-10,,,winter wheat,harvesting process,combine harvested discards
1244,R/BK/1,2010,04-Sep-10,,,winter wheat,baling process,straw baled
1245,R/BK/1,2010,08-Sep-10,,,winter wheat,residue removal process,removed bales
1246,R/BK/1,2010,17-Sep-09,,,all sections,mowing process,topped - edges of maize plots
1247,R/BK/1,2010,17-Sep-09,,,all sections,tillage process,subsoiled - headlands only
1248,R/BK/1,2010,18-Sep-09,,,all sections,tillage process,ploughed
1249,R/BK/1,2010,19-Sep-09,,,all sections,tillage process,flexitined
1250,R/BK/1,2010,21-Sep-09,,,all sections,tillage process,flexitined
1251,R/BK/1,2010,21-Sep-09,,,all sections,tillage process,cultipressed
1252,R/BK/1,2010,09-Oct-09,,,all sections,mowing process,topped drain
1253,R/BK/1,2010,11-Oct-09,,,all sections,tillage process,cultipressed
1254,R/BK/1,2010,19-Nov-09,,,all sections,other,Erect rabbit fence - Started (Posts only)
1255,R/BK/1,2010,23-Nov-09,,,all sections,other,Cut Hedges - Road side
1256,R/BK/1,2010,24-Nov-09,,,all sections,other,Cut Hedges
1257,R/BK/1,2010,24-Nov-09,,,all sections,other,Erect rabbit fence
1258,R/BK/1,2010,25-Nov-09,,,all sections,other,Erect rabbit fence
1259,R/BK/1,2010,11-Dec-09,,,all sections,other,Cut Hedges
1260,R/BK/1,2010,05-Jan-10,,,all sections,other,Repair electric fence around trial - Fence had broken in several places due to snow and frost over xmas period
1261,R/BK/1,2010,06-May-10,,,all sections,other,Removed rabbit fence
1262,R/BK/1,2010,07-May-10,,,all sections,mowing process,mow / rotavate paths
1263,R/BK/1,2010,12-May-10,,,all sections,mowing process,mow / rotavate paths
1264,R/BK/1,2010,12-May-10,,,all sections,tillage process,rotavated
1265,R/BK/1,2010,13-May-10,,,all sections,tillage process,flexitined - headlands only
1266,R/BK/1,2010,13-May-10,,,all sections,tillage process,rotavated paths
1267,R/BK/1,2010,14-May-10,,,all sections,mowing process,mow / rotavate paths
1268,R/BK/1,2010,25-May-10,,,all sections,mowing process,mow / rotavate paths
1269,R/BK/1,2010,14-Jun-10,,,all sections,tillage process,rotavated down paths - to finish
1270,R/BK/1,2010,16-Jun-10,,,all sections,tillage process,rotavated down paths - to finish
1271,R/BK/1,2010,17-Jun-10,,,all sections,mowing process,cut paths
1272,R/BK/1,2010,17-Jun-10,,,all sections,tillage process,rotavated down paths - finished
1273,R/BK/1,2010,09-Jul-10,,,all sections,hand picking process,pulled wild oats 103 in total
1274,R/BK/1,2010,14-Jul-10,,,all sections,mowing process,mow / rotavate paths
1275,R/BK/1,2010,26-Apr-10,,,forage maize,tillage process,flexitined
1276,R/BK/1,2010,26-Apr-10,,,forage maize,tillage process,power harrowed
1277,R/BK/1,2010,28-Apr-10,,,forage maize,tillage process,rolled
1278,R/BK/1,2010,27-Sep-10,,,forage maize,harvesting process,harvested
1279,R/BK/1,2010,27-Sep-10,,,forage maize,harvesting process,cut maize discards
1280,R/BK/1,2010,28-Sep-10,,,forage maize,harvesting process,cut maize discards
1281,R/BK/1,2010,26-Nov-09,,,wilderness,mowing process,grass topped
1282,R/BK/1,2010,26-Nov-09,,stubbed area,wilderness,mowing process,topped
1283,R/BK/1,2010,03-Aug-10,,Section 5 only,winter oats,harvesting process,combine harvested plots for yield
1284,R/BK/1,2010,03-Aug-10,,Section 5 only,winter oats,baling process,straw baled
1285,R/BK/1,2010,03-Aug-10,,section 5,winter oats,harvesting process,"cut harvested strips, weighed and sampled"
1286,R/BK/1,2010,14-Oct-09,,,winter wheat,tillage process,rolled
1287,R/BK/1,2011,10-Oct-10,,,all sections,tillage process,ploughed
1288,R/BK/1,2011,13-Oct-10,,,all sections,tillage process,cultipressed
1289,R/BK/1,2011,14-Oct-10,,,all sections,tillage process,cultipressed
1290,R/BK/1,2011,12-Nov-10,,,all sections,other,Erect rabbit fence
1291,R/BK/1,2011,16-Dec-10,17/12/2010,,all sections,other,Cut Hedges
1292,R/BK/1,2011,06-May-11,,,all sections,other,Removed rabbit fence
1293,R/BK/1,2011,10-May-11,,,all sections,mowing process,cut paths
1294,R/BK/1,2011,12-May-11,,,all sections,tillage process,"flexitined, fallows"
1295,R/BK/1,2011,16-May-11,,,all sections,mowing process,cut paths
1296,R/BK/1,2011,19-May-11,,,all sections,tillage process,rotavated paths
1297,R/BK/1,2011,23-May-11,,,all sections,mowing process,cut paths
1298,R/BK/1,2011,24-May-11,,,all sections,mowing process,cut paths
1299,R/BK/1,2011,08-Jun-11,,,all sections,mowing process,cut paths
1300,R/BK/1,2011,09-Jun-11,,,all sections,mowing process,cut paths
1301,R/BK/1,2011,10-Jun-11,,,all sections,tillage process,rotavated fallows
1302,R/BK/1,2011,27-Jun-11,,,all sections,mowing process,cut paths
1303,R/BK/1,2011,29-Jul-11,,,all sections,mowing process,cut paths
1304,R/BK/1,2011,12-Aug-11,,,all sections,harvesting process,"combine harvested O&Es, opened up trials with commercial combine ready for yields to be taken"
1305,R/BK/1,2011,12-Aug-11,,,all sections,baling process,"baled O&Es, baled area discard area cut to open out trials"
1306,R/BK/1,2011,30-Aug-11,,,all sections,tillage process,rolled to crush field horse tail stems (equisteum arvense) to aid chemical penetration when sprayed with roundup
1307,R/BK/1,2011,14-Apr-11,,section 5,forage maize,tillage process,flexitined
1308,R/BK/1,2011,26-Apr-11,,,forage maize,tillage process,rolled
1309,R/BK/1,2011,26-Apr-11,,,forage maize,tillage process,power harrowed
1310,R/BK/1,2011,23-Sep-11,,,forage maize,harvesting process,cut maize for yields and discards
1311,R/BK/1,2011,30-Sep-11,,,forage maize,mowing process,topped maize
1312,R/BK/1,2011,10-Aug-11,,,winter oats,harvesting process,combine harvested plots for yield
1313,R/BK/1,2011,15-Aug-11,,,winter wheat,harvesting process,combine harvested plots for yield
1314,R/BK/1,2011,15-Aug-11,,,winter wheat,specimen collection process,Straw weights
1315,R/BK/1,2011,16-Aug-11,,,winter wheat,harvesting process,combine harvested O&Es
1316,R/BK/1,2011,16-Aug-11,,,winter wheat,baling process,baled remaining straw
1317,R/BK/1,2011,16-Aug-11,,,winter wheat,residue removal process,removed remaining straw
1318,R/BK/1,2011,17-Aug-11,,,winter wheat,residue removal process,removed bales
1319,R/BK/1,2011,15-Sep-11,,Headlands and section 8,winter wheat,mowing process,topped
1320,R/BK/1,2011,08-Nov-11,,,winter wheat,mowing process,topped to tidy stubble before primary collection
1321,R/BK/1,2012,01-Oct-11,,,all sections,tillage process,ploughed - thrown north
1322,R/BK/1,2012,03-Oct-11,,,all sections,tillage process,cultipressed
1323,R/BK/1,2012,05-Dec-11,,,all sections,other,Cut Hedges - Road side
1324,R/BK/1,2012,10-Apr-12,,,all sections,tillage process,rotavated fallows
1325,R/BK/1,2012,17-May-12,,,all sections,mowing process,cut paths
1326,R/BK/1,2012,18-May-12,,,all sections,mowing process,cut paths
1327,R/BK/1,2012,28-May-12,,,all sections,mowing process,topped paths
1328,R/BK/1,2012,14-Jun-12,,,all sections,mowing process,cut paths
1329,R/BK/1,2012,14-Jun-12,,,all sections,tillage process,rotavated paths - too wet to finish
1330,R/BK/1,2012,20-Jun-12,,,all sections,mowing process,cut paths
1331,R/BK/1,2012,20-Jun-12,,,all sections,tillage process,rotavated paths
1332,R/BK/1,2012,02-Jul-12,,,all sections,tillage process,rotavated fallows
1333,R/BK/1,2012,02-Jul-12,,,all sections,other,Replaced marker posts
1334,R/BK/1,2012,05-Jul-12,,,all sections,mowing process,cut paths
1335,R/BK/1,2012,30-Jul-12,,,all sections,mowing process,cut paths
1336,R/BK/1,2012,21-Aug-12,,,all sections,harvesting process,harvested
1337,R/BK/1,2012,22-Aug-12,,,all sections,harvesting process,harvested
1338,R/BK/1,2012,23-Aug-12,,,all sections,baling process,baled straw
1339,R/BK/1,2012,23-Aug-12,,,all sections,specimen collection process,sampled and weighed straw
1340,R/BK/1,2012,28-Aug-12,,,all sections,tillage process,rolled with discs
1341,R/BK/1,2012,03-Oct-12,,,all sections,tillage process,ploughed - thrown south
1342,R/BK/1,2012,13-May-12,,section 3,forage maize,tillage process,power harrowed
1343,R/BK/1,2012,27-Sep-12,,,forage maize,harvesting process,harvested plots for yield
1344,R/BK/1,2012,27-Sep-12,,,forage maize,harvesting process,harvested and chopped odds and ends
1345,R/BK/1,2012,28-Sep-12,,,forage maize,harvesting process,harvested and chopped odds and ends
1346,R/BK/1,2012,02-Jul-12,,,winter oats,hand picking process,Wild Oat Pulling 0.12 - 1 2.28- 1 0.38-1 0.58-1 0.98- 3 118 + 103 158-1 168-1 178 - 1 113 Total
1347,R/BK/1,2012,20-Aug-12,,,winter oats,harvesting process,harvested - cut and chopped
1348,R/BK/1,2012,23-Aug-12,,,winter oats,baling process,baled straw
1349,R/BK/1,2012,23-Aug-12,,,winter oats,specimen collection process,sampled and weighed straw
1350,R/BK/1,2013,03-Oct-12,,,all sections,tillage process,ploughed - thrown south
1351,R/BK/1,2013,04-Jun-13,,,all sections,tillage process,rotavated paths
1352,R/BK/1,2013,13-Jun-13,,,all sections,mowing process,cut paths
1353,R/BK/1,2013,17-Jun-13,,,all sections,tillage process,rotavated fallows
1354,R/BK/1,2013,01-Jul-13,,,all sections,tillage process,rotavated fallows
1355,R/BK/1,2013,02-Jul-13,,,all sections,tillage process,rotavated fallows
1356,R/BK/1,2013,02-Jul-13,,,all sections,mowing process,cut paths
1357,R/BK/1,2013,10-Jul-13,,,all sections,hand picking process,Pulling Wild Oats in all plots - 71 counted
1358,R/BK/1,2013,15-Jul-13,,,all sections,other,Put out White posts
1359,R/BK/1,2013,19-Jul-13,,,all sections,mowing process,cut paths
1360,R/BK/1,2013,17-May-13,,,forage maize,tillage process,power harrowed
1361,R/BK/1,2013,25-Sep-13,,,forage maize,harvesting process,harvested plots for yield
1362,R/BK/1,2013,25-Sep-13,,,forage maize,residue removal process,cleared O&Es
1363,R/BK/1,2013,26-Sep-13,,,forage maize,harvesting process,cut maize O&Es
1364,R/BK/1,2013,13-May-13,,,wilderness,mowing process,cut grass on mown area
1365,R/BK/1,2013,21-Jun-13,,,wilderness,mowing process,cut grass on mown area
1366,R/BK/1,2013,01-Aug-13,,,wilderness,mowing process,cut grass on mown area
1367,R/BK/1,2013,10-Oct-13,,,wilderness,pruning process,Low branches trimmed in edge of wilderness
1368,R/BK/1,2013,03-Sep-13,,,winter oats,harvesting process,harvested
1369,R/BK/1,2013,25-Sep-13,,section 7,winter oats,baling process,baled straw
1370,R/BK/1,2013,25-Sep-13,,,winter oats,specimen collection process,sampled and weighed straw
1371,R/BK/1,2013,29-Aug-13,,,winter wheat,harvesting process,harvested remaining wheat plots
1372,R/BK/1,2013,29-Aug-13,,,winter wheat,baling process,baled straw
1373,R/BK/1,2013,29-Aug-13,,,winter wheat,specimen collection process,sampled and weighed straw
1374,R/BK/1,2014,30-Sep-13,,,all sections,mowing process,topped rough areas around field edges
1375,R/BK/1,2014,03-Oct-13,,,all sections,tillage process,ploughed - thrown north
1376,R/BK/1,2014,05-Oct-13,,,all sections,tillage process,ploughed - thrown north
1377,R/BK/1,2014,07-Oct-13,,,all sections,tillage process,cultipressed
1378,R/BK/1,2014,09-Oct-13,,,all sections,tillage process,cultipressed
1379,R/BK/1,2014,10-Oct-13,,,all sections,other,marked out maize and oats sections with GPS
1380,R/BK/1,2014,06-Jan-14,,,all sections,other,Hedge Cutting - Roadside
1381,R/BK/1,2014,07-Feb-14,,,all sections,other,Dug channels to clear water at east end of field
1382,R/BK/1,2014,29-Apr-14,,,all sections,mowing process,mowed all paths
1383,R/BK/1,2014,09-May-14,,,all sections,mowing process,paths cut with iseki and mower
1384,R/BK/1,2014,19-May-14,,,all sections,mowing process,cut paths
1385,R/BK/1,2014,03-Jun-14,,,all sections,mowing process,cut paths
1386,R/BK/1,2014,03-Jun-14,,section 9,all sections,hand picking process,hand rogued blackgrass
1387,R/BK/1,2014,03-Jun-14,,,all sections,tillage process,rotavated strip paths
1388,R/BK/1,2014,09-Jun-14,,,all sections,hand picking process,hand rogued blackgrass
1389,R/BK/1,2014,10-Jun-14,,,all sections,hand picking process,hand rogued blackgrass
1390,R/BK/1,2014,17-Jun-14,,,all sections,mowing process,paths cut with iseki and mower
1391,R/BK/1,2014,18-Jun-14,,,all sections,hand picking process,hand rogued blackgrass
1392,R/BK/1,2014,09-Jul-14,,,all sections,mowing process,paths cut with iseki and mower
1393,R/BK/1,2014,10-Jul-14,,,all sections,hand picking process,"Hand rogued wild oats, 57 plants in total"
1394,R/BK/1,2014,29-Jul-14,,,all sections,mowing process,paths cut with iseki and mower
1395,R/BK/1,2014,30-Jul-14,,,all sections,harvesting process,combine harvested O&Es
1396,R/BK/1,2014,21-Aug-14,,,all sections,baling process,baled straw
1397,R/BK/1,2014,21-Aug-14,,,all sections,specimen collection process,sampled and weighed straw
1398,R/BK/1,2014,09-Apr-14,,,fallows,tillage process,power harrowed discard & unsown areas
1399,R/BK/1,2014,22-Apr-14,,,fallows,tillage process,rotavated discard / unsown areas
1400,R/BK/1,2014,19-May-14,,,fallows,tillage process,power harrowed discard & unsown areas
1401,R/BK/1,2014,15-May-14,,,forage maize,tillage process,flexitined
1402,R/BK/1,2014,15-May-14,,,forage maize,tillage process,power harrowed
1403,R/BK/1,2014,30-Sep-14,,,forage maize,harvesting process,harvested for yield by hand
1404,R/BK/1,2014,30-Sep-14,,,forage maize,harvesting process,harvested and removed all leftover maize - from maize plots only
1405,R/BK/1,2014,04-Apr-14,,,wilderness,mowing process,mowed grass
1406,R/BK/1,2014,14-May-14,,,wilderness,mowing process,mowed grass
1407,R/BK/1,2014,23-May-14,,,wilderness,mowing process,cut grass
1408,R/BK/1,2014,13-Jun-14,,,wilderness,mowing process,topped middle grass
1409,R/BK/1,2014,30-Jul-14,,,winter oats,baling process,baled straw
1410,R/BK/1,2014,30-Jul-14,,,winter oats,residue removal process,removed straw
1411,R/BK/1,2014,30-Jul-14,,section 4,winter oats,harvesting process,combine harvested plots for yield
1412,R/BK/1,2014,31-Jul-14,,section 4,winter oats,baling process,baled straw
1413,R/BK/1,2014,31-Jul-14,,,winter oats,specimen collection process,sampled and weighed straw
1414,R/BK/1,2014,19-Aug-14,,,winter oats,harvesting process,combine harvested O&Es
1415,R/BK/1,2014,20-Aug-14,,,winter wheat,harvesting process,harvested
1416,R/BK/1,2014,21-Aug-14,,,winter wheat,harvesting process,combine harvested O&Es
1417,R/BK/1,2014,02-Sep-14,,,winter wheat,residue removal process,removed bales from plots area
1418,R/BK/1,2015,06-Mar-15,,,all sections,tillage process,springtine cultivated
1419,R/BK/1,2015,13-May-15,,,all sections,mowing process,topped commercial grass
1420,R/BK/1,2015,01-Jun-15,,,all sections,mowing process,topping all grass
1421,R/BK/1,2015,11-Jun-15,,,all sections,mowing process,cut paths across plots
1422,R/BK/1,2015,12-Jun-15,,,all sections,tillage process,rotavated strip paths
1423,R/BK/1,2015,15-Jun-15,,,all sections,tillage process,rotavated paths and fallows around trials
1424,R/BK/1,2015,16-Jun-15,,,all sections,tillage process,rolavated paths up strip paths only
1425,R/BK/1,2015,16-Jul-15,,,all sections,hand picking process,Pulled 91 wild oats from plots and surrounds 7
1426,R/BK/1,2015,28-Jul-15,,,all sections,mowing process,cut cross paths
1427,R/BK/1,2015,13-Aug-15,,,all sections,mowing process,cut cross paths
1428,R/BK/1,2015,07-Sep-15,,,spring wheat,harvesting process,combined harvested all commercial WW
1429,R/BK/1,2015,09-Sep-15,,,spring wheat,residue removal process,removed bales from commercial area
1430,R/BK/1,2015,17-Sep-15,,,spring wheat,residue removal process,removed round bales from field
1431,R/BK/1,2015,26-Sep-15,,,spring wheat,harvesting process,combine harvested
1432,R/BK/1,2015,26-Sep-15,,,spring wheat,baling process,baled straw
1433,R/BK/1,2015,26-Sep-15,,,spring wheat,specimen collection process,sampled and weighed straw
1434,R/BK/1,2015,26-Sep-15,,,spring wheat,residue removal process,removed straw
1435,R/BK/1,2015,26-Sep-15,,,spring wheat,harvesting process,combine harvested all remaining wheat
1436,R/BK/1,2015,26-Sep-15,,,spring wheat,windrowing,Swathed all straw to be removed
1437,R/BK/1,2015,26-Sep-15,,section 0,spring wheat,residue management process,straw chopped
1438,R/BK/1,2015,28-Sep-15,,,all sections,baling process,baled straw
1439,R/BK/1,2015,28-Sep-15,,,all sections,residue removal process,removed straw
1440,R/BK/1,2015,21-Apr-15,,section 8,fallows,tillage process,power harrowed
1441,R/BK/1,2015,13-May-15,,section 8,fallows,tillage process,ploughed - thrown north
1442,R/BK/1,2015,17-Jun-15,,,fallows,tillage process,rotavated fallows
1443,R/BK/1,2015,10-Jul-15,,section 8,fallows,tillage process,ploughed - thrown south
1444,R/BK/1,2015,31-Jul-15,,section 8,fallows,tillage process,power harrowed
1445,R/BK/1,2015,30-Sep-14,,,forage maize,harvesting process,harvested and removed all leftover maize - from maize plots only
1446,R/BK/1,2015,14-Apr-15,,section 4,forage maize,tillage process,power harrowed
1447,R/BK/1,2015,21-Sep-15,,,forage maize,harvesting process,harvested for yield by hand
1448,R/BK/1,2015,29-Sep-15,,,forage maize,harvesting process,combine harvested and removed
1449,R/BK/1,2015,29-Sep-15,,,forage maize,residue removal process,removed bales from field
1450,R/BK/1,2015,09-Mar-15,,,spring oats,tillage process,rolled all new drilling on site
1451,R/BK/1,2015,25-Sep-15,,,spring oats,harvesting process,combine harvested
1452,R/BK/1,2015,09-Mar-15,,,spring wheat,tillage process,rolled all new drilling on site
1453,R/BK/1,2015,19-Mar-15,,,wilderness,other,Cut back field edge side of south block to make room for tractors on Broadbalk
1454,R/BK/1,2015,13-May-15,,,wilderness,mowing process,topped commercial grass
1455,R/BK/1,2015,28-May-15,,,wilderness,mowing process,cut middle grass section
1456,R/BK/1,2015,26-Jun-15,,,wilderness,mowing process,topped all short grass
1457,R/BK/1,2015,27-Jul-15,,,wilderness,other,Tided fallen tree all cuttings placed back into section
1458,R/BK/1,2015,25-Aug-15,,,wilderness,mowing process,cut centre plot
1459,R/BK/1,2016,01-Oct-15,,,all sections,tillage process,ploughed - thrown south
1460,R/BK/1,2016,02-Oct-15,,,all sections,tillage process,ploughed - thrown north
1461,R/BK/1,2016,04-Oct-15,,,all sections,tillage process,cultipressed
1462,R/BK/1,2016,12-Oct-15,,,all sections,tillage process,power harrowed
1463,R/BK/1,2016,15-Oct-15,,,all sections,tillage process,ring rolled
1464,R/BK/1,2016,11-Nov-15,,,all sections,other,Hedge Cutting
1465,R/BK/1,2016,12-Nov-15,,,all sections,other,Hedge Cutting
1466,R/BK/1,2016,07-Jan-16,,,all sections,other,Erected Electric Fence (West end to stop rabbits)
1467,R/BK/1,2016,20-Apr-16,,,all sections,mowing process,marked out and mowed all paths
1468,R/BK/1,2016,24-May-16,,,all sections,mowing process,mowed all paths
1469,R/BK/1,2016,06-Jun-16,,,all sections,mowing process,cut cross paths
1470,R/BK/1,2016,25-Jul-16,,,all sections,mowing process,cut cross paths
1471,R/BK/1,2016,09-Aug-16,,,all sections,harvesting process,combine harvested the immediate surrounds of trials
1472,R/BK/1,2016,12-Aug-16,,,all sections,specimen collection process,Completed Straw Weights
1473,R/BK/1,2016,19-Aug-16,,,all sections,harvesting process,started to mop up leftover wheat
1474,R/BK/1,2016,19-Aug-16,,,all sections,baling process,baled straw
1475,R/BK/1,2016,19-Aug-16,,,all sections,residue removal process,removed straw
1476,R/BK/1,2016,23-Aug-16,,,all sections,harvesting process,mopped up remaining crop
1477,R/BK/1,2016,27-Aug-16,,,all sections,residue removal process,removed bales
1478,R/BK/1,2016,27-Oct-15,,section 8,fallows,tillage process,flexitined bare fallow
1479,R/BK/1,2016,23-Mar-16,,section 8,fallows,tillage process,power harrowed
1480,R/BK/1,2016,17-May-16,,section 8,fallows,mowing process,topped weeds
1481,R/BK/1,2016,19-May-16,,section 8,fallows,tillage process,ploughed
1482,R/BK/1,2016,06-Jun-16,,section 8,fallows,tillage process,power harrowed
1483,R/BK/1,2016,19-Jul-16,,fallow plots,fallows,tillage process,power harrowed
1484,R/BK/1,2016,20-Jul-16,,section 8,fallows,tillage process,power harrowed
1485,R/BK/1,2016,25-Jul-16,,section 8,fallows,tillage process,flexitined
1486,R/BK/1,2016,05-Aug-16,,section 8,fallows,tillage process,ploughed - thrown north
1487,R/BK/1,2016,05-Aug-16,,section 8,fallows,tillage process,ring rolled
1488,R/BK/1,2016,22-Apr-16,,section 5,forage maize,tillage process,springtine cultivated
1489,R/BK/1,2016,03-May-16,,section 5,forage maize,tillage process,flexitined
1490,R/BK/1,2016,05-May-16,,section 5,forage maize,tillage process,power harrowed - prior to drilling
1491,R/BK/1,2016,19-Jul-16,,section 5,forage maize,tillage process,hand rotavated inter-row
1492,R/BK/1,2016,21-Sep-16,,Section 5 only,forage maize,harvesting process,harvested plots for yield
1493,R/BK/1,2016,04-Jan-16,,,wilderness,other,Cleared fallen tree
1494,R/BK/1,2016,08-Aug-16,,Section 3,winter oats,harvesting process,combine harvested
1495,R/BK/1,2016,08-Aug-16,,section 3,winter oats,specimen collection process,Completed Straw Weights
1496,R/BK/1,2016,09-Aug-16,,section 3,winter oats,specimen collection process,Completed Straw Weights
1497,R/BK/1,2016,10-Aug-16,,"Sections 0, 1, 2, 4, 6, 7 & 9",winter wheat,harvesting process,combine harvested plots for yield
1498,R/BK/1,2017,20-Sep-16,,,all sections,mowing process,batwing topped
1499,R/BK/1,2017,27-Sep-16,,,all sections,tillage process,ploughed - thrown south
1500,R/BK/1,2017,06-Oct-16,,,all sections,tillage process,cultipressed
1501,R/BK/1,2017,10-Oct-16,,,all sections,tillage process,ring rolled
1502,R/BK/1,2017,12-Oct-16,,,all sections,tillage process,ring rolled
1503,R/BK/1,2017,11-Apr-17,,,all sections,tillage process,flexitined surrounding fallow areas
1504,R/BK/1,2017,05-Jun-17,,,all sections,mowing process,cut out all paths
1505,R/BK/1,2017,26-Jun-17,,,all sections,mowing process,cut all paths
1506,R/BK/1,2017,27-Jul-17,,,all sections,mowing process,cut all paths
1507,R/BK/1,2017,25-Aug-17,,,all sections,harvesting process,harvested paths
1508,R/BK/1,2017,28-Aug-17,,,all sections,harvesting process,harvested plots for yield
1509,R/BK/1,2017,29-Aug-17,,,all sections,baling process,baled all discard and remaining swaths
1510,R/BK/1,2017,29-Aug-17,,section 0,all sections,residue management process,straw chopped
1511,R/BK/1,2017,02-Sep-17,,Sections 8 & 5,all sections,specimen collection process,Straw weights
1512,R/BK/1,2017,07-Sep-17,,,all sections,baling process,baled all remaining commercial swath
1513,R/BK/1,2017,07-Sep-17,,Sections 1,all sections,specimen collection process,Straw weights
1514,R/BK/1,2017,14-Sep-17,,Section 3 only,forage maize,harvesting process,harvested plots for yield
1515,R/BK/1,2017,15-Sep-17,,,forage maize,harvesting process,cut all remaining maize - section 3 only
1516,R/BK/1,2017,20-Dec-16,,,wilderness,mowing process,topped
1517,R/BK/1,2017,28-Aug-17,,,winter oats,harvesting process,harvested plots for yield
1518,R/BK/1,2017,07-Sep-17,,Sections 2,winter oats,specimen collection process,Straw weights
