{"profile": "tabular-data-package", "resources": [{"path": "data\\broadbalkOperationsData.csv", "profile": "tabular-data-resource", "name": "broadbalkOperationsData", "format": "csv", "mediatype": "text/csv", "encoding": "utf-8", "schema": {"fields": [{"name": "ID", "type": "integer", "format": "default"}, {"name": "experiment", "type": "string", "format": "default"}, {"name": "year", "type": "integer", "format": "default"}, {"name": "startDate", "type": "string", "format": "default"}, {"name": "endDate", "type": "string", "format": "default"}, {"name": "plot", "type": "string", "format": "default"}, {"name": "section", "type": "string", "format": "default"}, {"name": "operationType", "type": "string", "format": "default"}, {"name": "operation", "type": "string", "format": "default"}], "missingValues": [""]}}, {"path": "data\\broadbalkPesticides.csv", "profile": "tabular-data-resource", "name": "broadbalkPesticides", "format": "csv", "mediatype": "text/csv", "encoding": "utf-8", "schema": {"fields": [{"name": "ID", "type": "integer", "format": "default"}, {"name": "experiment", "type": "string", "format": "default"}, {"name": "year", "type": "integer", "format": "default"}, {"name": "startDate", "type": "string", "format": "default"}, {"name": "endDate", "type": "string", "format": "default"}, {"name": "Plot", "type": "string", "format": "default"}, {"name": "sections", "type": "string", "format": "default"}, {"name": "operationType", "type": "string", "format": "default"}, {"name": "operation", "type": "string", "format": "default"}, {"name": "amount", "type": "number", "format": "default"}, {"name": "units", "type": "string", "format": "default"}, {"name": "formulationAmount", "type": "integer", "format": "default"}, {"name": "formulationUnits", "type": "string", "format": "default"}, {"name": "method", "type": "string", "format": "default"}, {"name": "machine", "type": "string", "format": "default"}], "missingValues": [""]}}], "description": "Broadbalk operations and pesticides data extracted from the annual yield books using Tesseract OCR. This data still requires some checking and classification, but is generally ok", "version": "1.0", "licenses": [{"name": "CC-BY-4.0", "path": "https://creativecommons.org/licenses/by/4.0/", "title": "Creative Commons Attribution 4.0 International"}], "publishers": [{"name": "Rothamsted Research"}], "maintainers": [{"name": "Richard Ostler", "email": "richard.ostler@rothamsted.ac.uk"}], "contributors": [{"name": "Richard Ostler", "email": "richard.ostler@rothamsted.ac.uk"}], "latitude": "51.809450", "longitude": "-0.372898", "altitude": "130", "startYear": "1968", "endYear": "2018"}